CREATE TABLE PERSONA (
    CODICE_FISCALE VARCHAR2(16) NOT NULL,
    NOME           VARCHAR2(64) NOT NULL,
    COGNOME        VARCHAR2(64) NOT NULL,
    DATA_NASCITA   DATE         NOT NULL,
    CONSTRAINT PK_PERSONA PRIMARY KEY (CODICE_FISCALE)
);

CREATE TABLE PERSONALE (
    CODICE_FISCALE VARCHAR2(16) NOT NULL,
    CONSTRAINT PK_PERSONALE PRIMARY KEY (CODICE_FISCALE),
    CONSTRAINT FK_PERSONALE_PERSONA
        FOREIGN KEY (CODICE_FISCALE) REFERENCES PERSONA(CODICE_FISCALE)
);

CREATE TABLE PARENTE (
    CODICE_FISCALE VARCHAR2(16) NOT NULL,
    CONSTRAINT PK_PARENTE PRIMARY KEY (CODICE_FISCALE),
    CONSTRAINT FK_PARENTE_PERSONA
        FOREIGN KEY (CODICE_FISCALE) REFERENCES PERSONA(CODICE_FISCALE)
);

CREATE TABLE TUTORE (
    CODICE_FISCALE VARCHAR2(16) NOT NULL,
    CONSTRAINT PK_TUTORE PRIMARY KEY (CODICE_FISCALE),
    CONSTRAINT FK_TUTORE_PERSONA
        FOREIGN KEY (CODICE_FISCALE) REFERENCES PERSONA(CODICE_FISCALE)
);

CREATE TABLE OPERATORE (
    CODICE_FISCALE VARCHAR2(16) NOT NULL,
    CONSTRAINT PK_OPERATORE PRIMARY KEY (CODICE_FISCALE),
    CONSTRAINT FK_OPERATORE_PERSONALE
        FOREIGN KEY (CODICE_FISCALE) REFERENCES PERSONALE(CODICE_FISCALE)
);

CREATE TABLE CONTRATTO (
    CODICE_CONTRATTO       NUMBER       NOT NULL,
    TIPO_CONTRATTO         VARCHAR2(64) NOT NULL,
    PAGA_ORARIA            NUMBER       NOT NULL,
    TASSA_DETRATTA         NUMBER       NOT NULL,
    CODICE_FISCALE_PERSONALE VARCHAR2(16) NOT NULL,
    CONSTRAINT PK_CONTRATTO PRIMARY KEY (CODICE_CONTRATTO),
    CONSTRAINT FK_CONTRATTO_PERSONALE
        FOREIGN KEY (CODICE_FISCALE_PERSONALE) REFERENCES PERSONALE(CODICE_FISCALE)
);

CREATE TABLE MEDICO (
    CODICE_FISCALE   VARCHAR2(16) NOT NULL,
    CODICE_CONTRATTO NUMBER       NOT NULL,
    CONSTRAINT PK_MEDICO PRIMARY KEY (CODICE_FISCALE),
    CONSTRAINT FK_MEDICO_PERSONALE
        FOREIGN KEY (CODICE_FISCALE) REFERENCES PERSONALE(CODICE_FISCALE),
    CONSTRAINT FK_MEDICO_CONTRATTO
        FOREIGN KEY (CODICE_CONTRATTO) REFERENCES CONTRATTO(CODICE_CONTRATTO)
);

CREATE TABLE REPARTO (
    CODICE_REPARTO                VARCHAR2(16) NOT NULL,
    NOME_REPARTO                  VARCHAR2(64) NOT NULL,
    CODICE_FISCALE_RESPONSABILE   VARCHAR2(16),
    CONSTRAINT PK_REPARTO PRIMARY KEY (CODICE_REPARTO),
    CONSTRAINT FK_REPARTO_MEDICO
        FOREIGN KEY (CODICE_FISCALE_RESPONSABILE) REFERENCES MEDICO(CODICE_FISCALE)
);

CREATE TABLE CAMERA (
    NUMERO_CAMERA  NUMBER       NOT NULL,
    PIANO          NUMBER       NOT NULL,
    LETTI_TOTALI   NUMBER       NOT NULL,
    CODICE_REPARTO VARCHAR2(16) NOT NULL,
    CONSTRAINT PK_CAMERA PRIMARY KEY (NUMERO_CAMERA),
    CONSTRAINT FK_CAMERA_REPARTO
        FOREIGN KEY (CODICE_REPARTO) REFERENCES REPARTO(CODICE_REPARTO)
);

CREATE TABLE RESIDENTE (
    CODICE_FISCALE_RESIDENTE VARCHAR2(16) NOT NULL,
    NUMERO_CAMERA            NUMBER       NOT NULL,
    CONSTRAINT PK_RESIDENTE PRIMARY KEY (CODICE_FISCALE_RESIDENTE),
    CONSTRAINT FK_RESIDENTE_PERSONA
        FOREIGN KEY (CODICE_FISCALE_RESIDENTE) REFERENCES PERSONA(CODICE_FISCALE),
    CONSTRAINT FK_RESIDENTE_CAMERA
        FOREIGN KEY (NUMERO_CAMERA) REFERENCES CAMERA(NUMERO_CAMERA)
);

CREATE TABLE MALATTIA (
    CODICE      VARCHAR2(16) NOT NULL,
    NOME        VARCHAR2(64) NOT NULL,
    DESCRIZIONE CLOB,
    LIVELLO     VARCHAR2(16) NOT NULL,
    CONSTRAINT PK_MALATTIA PRIMARY KEY (CODICE)
);

CREATE TABLE FARMACO (
    CODICE_FARMACO VARCHAR2(16) NOT NULL,
    NOME           VARCHAR2(16) NOT NULL,
    DOSE           NUMBER       NOT NULL,
    FASCIA_ORARIA  VARCHAR2(16) NOT NULL,
    CONSTRAINT PK_FARMACO PRIMARY KEY (CODICE_FARMACO)
);

CREATE TABLE TRATTAMENTO (
    CODICE_TRATTAMENTO VARCHAR2(16) NOT NULL,
    OBIETTIVI          CLOB,
    ESITO              CLOB,
    RAGGIUNTO          CHAR(1),
    CONSTRAINT PK_TRATTAMENTO PRIMARY KEY (CODICE_TRATTAMENTO),
    CONSTRAINT CK_TRATTAMENTO_RAGGIUNTO CHECK (RAGGIUNTO IN ('S', 'N'))
);

CREATE TABLE SOFFRE (
    CODICE                    VARCHAR2(16) NOT NULL,
    CODICE_FISCALE_RESIDENTE  VARCHAR2(16) NOT NULL,
    CONSTRAINT PK_SOFFRE PRIMARY KEY (CODICE, CODICE_FISCALE_RESIDENTE),
    CONSTRAINT FK_SOFFRE_MALATTIA
        FOREIGN KEY (CODICE) REFERENCES MALATTIA(CODICE),
    CONSTRAINT FK_SOFFRE_RESIDENTE
        FOREIGN KEY (CODICE_FISCALE_RESIDENTE) REFERENCES RESIDENTE(CODICE_FISCALE_RESIDENTE)
);

CREATE TABLE ASSUME (
    DATA_ASSUNZIONE  DATE         NOT NULL,
    CODICE_FARMACO   VARCHAR2(16) NOT NULL,
    CODICE_FISCALE   VARCHAR2(16) NOT NULL,
    CONSTRAINT PK_ASSUME PRIMARY KEY (CODICE_FARMACO, CODICE_FISCALE),
    CONSTRAINT FK_ASSUME_FARMACO
        FOREIGN KEY (CODICE_FARMACO) REFERENCES FARMACO(CODICE_FARMACO),
    CONSTRAINT FK_ASSUME_RESIDENTE
        FOREIGN KEY (CODICE_FISCALE) REFERENCES RESIDENTE(CODICE_FISCALE_RESIDENTE)
);

CREATE TABLE PAI (
    CODICE_PAI               VARCHAR2(16) NOT NULL,
    CODICE_FISCALE_RESIDENTE VARCHAR2(16) NOT NULL,
    DATA_REDAZIONE           DATE         NOT NULL,
    DATA_REVISIONE           DATE,
    DIAGNOSI                 CLOB         NOT NULL,
    DATA_DIMISSIONE          DATE,
    CONSTRAINT PK_PAI PRIMARY KEY (CODICE_PAI),
    CONSTRAINT FK_PAI_RESIDENTE
        FOREIGN KEY (CODICE_FISCALE_RESIDENTE) REFERENCES RESIDENTE(CODICE_FISCALE_RESIDENTE)
);

CREATE TABLE NECESSITA (
    CODICE_TRATTAMENTO VARCHAR2(16) NOT NULL,
    CODICE_PAI         VARCHAR2(16) NOT NULL,
    CONSTRAINT PK_NECESSITA PRIMARY KEY (CODICE_TRATTAMENTO, CODICE_PAI),
    CONSTRAINT FK_NECESSITA_TRATTAMENTO
        FOREIGN KEY (CODICE_TRATTAMENTO) REFERENCES TRATTAMENTO(CODICE_TRATTAMENTO),
    CONSTRAINT FK_NECESSITA_PAI
        FOREIGN KEY (CODICE_PAI) REFERENCES PAI(CODICE_PAI)
);

CREATE TABLE CONSULENZA (
    CODICE_CONSULENZA NUMBER NOT NULL,
    DATA_CONSULENZA   DATE   NOT NULL,
    NOTE_CONSULENZA   CLOB,
    CONSTRAINT PK_CONSULENZA PRIMARY KEY (CODICE_CONSULENZA)
);

CREATE TABLE EFFETTUA (
    CODICE_CONSULENZA      NUMBER       NOT NULL,
    CODICE_FISCALE_MEDICO  VARCHAR2(16) NOT NULL,
    CONSTRAINT PK_EFFETTUA PRIMARY KEY (CODICE_CONSULENZA, CODICE_FISCALE_MEDICO),
    CONSTRAINT FK_EFFETTUA_CONSULENZA
        FOREIGN KEY (CODICE_CONSULENZA) REFERENCES CONSULENZA(CODICE_CONSULENZA),
    CONSTRAINT FK_EFFETTUA_MEDICO
        FOREIGN KEY (CODICE_FISCALE_MEDICO) REFERENCES MEDICO(CODICE_FISCALE)
);

CREATE TABLE RICEVE (
    CODICE_FISCALE_RESIDENTE VARCHAR2(16) NOT NULL,
    CODICE_CONSULENZA        NUMBER       NOT NULL,
    CONSTRAINT PK_RICEVE PRIMARY KEY (CODICE_FISCALE_RESIDENTE, CODICE_CONSULENZA),
    CONSTRAINT FK_RICEVE_RESIDENTE
        FOREIGN KEY (CODICE_FISCALE_RESIDENTE) REFERENCES RESIDENTE(CODICE_FISCALE_RESIDENTE),
    CONSTRAINT FK_RICEVE_CONSULENZA
        FOREIGN KEY (CODICE_CONSULENZA) REFERENCES CONSULENZA(CODICE_CONSULENZA)
);

CREATE TABLE AZIENDA_ESTERNA (
    PARTITA_IVA              VARCHAR2(16) NOT NULL,
    NOME_AZIENDA             CLOB,
    EMAIL                    CLOB,
    NUMERO_DI_TELEFONO       VARCHAR2(16) NOT NULL,
    PEC                      CLOB,
    CODICE_FISCALE_OPERATORE VARCHAR2(16) NOT NULL,
    CONSTRAINT PK_AZIENDA_ESTERNA PRIMARY KEY (PARTITA_IVA),
    CONSTRAINT FK_AZIENDA_ESTERNA_OPERATORE
        FOREIGN KEY (CODICE_FISCALE_OPERATORE) REFERENCES OPERATORE(CODICE_FISCALE)
);

CREATE TABLE DITTA_PULIZIE (
    PARTITA_IVA VARCHAR2(16) NOT NULL,
    CONSTRAINT PK_DITTA_PULIZIE PRIMARY KEY (PARTITA_IVA),
    CONSTRAINT FK_DITTA_PULIZIE_AZIENDA
        FOREIGN KEY (PARTITA_IVA) REFERENCES AZIENDA_ESTERNA(PARTITA_IVA)
);

CREATE TABLE DITTA_RISTORANTE (
    PARTITA_IVA VARCHAR2(16) NOT NULL,
    CONSTRAINT PK_DITTA_RISTORANTE PRIMARY KEY (PARTITA_IVA),
    CONSTRAINT FK_DITTA_RISTORANTE_AZIENDA
        FOREIGN KEY (PARTITA_IVA) REFERENCES AZIENDA_ESTERNA(PARTITA_IVA)
);

CREATE TABLE DIETA (
    NOME      VARCHAR2(64) NOT NULL,
    TIPOLOGIA VARCHAR2(64),
    NOTA      VARCHAR2(128),
    CONSTRAINT PK_DIETA PRIMARY KEY (NOME)
);

CREATE TABLE FORNISCE (
    PARTITA_IVA VARCHAR2(16) NOT NULL,
    NOME        VARCHAR2(64) NOT NULL,
    CONSTRAINT PK_FORNISCE PRIMARY KEY (PARTITA_IVA, NOME),
    CONSTRAINT FK_FORNISCE_DITTA_RIST
        FOREIGN KEY (PARTITA_IVA) REFERENCES DITTA_RISTORANTE(PARTITA_IVA),
    CONSTRAINT FK_FORNISCE_DIETA
        FOREIGN KEY (NOME) REFERENCES DIETA(NOME)
);

CREATE TABLE PULISCE (
    NUMERO_CAMERA NUMBER       NOT NULL,
    PARTITA_IVA   VARCHAR2(16) NOT NULL,
    CONSTRAINT PK_PULISCE PRIMARY KEY (NUMERO_CAMERA),
    CONSTRAINT FK_PULISCE_CAMERA
        FOREIGN KEY (NUMERO_CAMERA) REFERENCES CAMERA(NUMERO_CAMERA),
    CONSTRAINT FK_PULISCE_DITTA_PUL
        FOREIGN KEY (PARTITA_IVA) REFERENCES DITTA_PULIZIE(PARTITA_IVA)
);

CREATE TABLE ENTE (
    PARTITA_IVA_ENTE VARCHAR2(16) NOT NULL,
    ENTE_EROGAZIONE  VARCHAR2(128) NOT NULL,
    CONSTRAINT PK_ENTE PRIMARY KEY (PARTITA_IVA_ENTE)
);

CREATE TABLE DOCUMENTO (
    CF_PERSONA       VARCHAR2(16) NOT NULL,
    SCADENZA         DATE         NOT NULL,
    PARTITA_IVA_ENTE VARCHAR2(16) NOT NULL,
    CONSTRAINT PK_DOCUMENTO PRIMARY KEY (CF_PERSONA),
    CONSTRAINT FK_DOCUMENTO_PERSONA
        FOREIGN KEY (CF_PERSONA) REFERENCES PERSONA(CODICE_FISCALE),
    CONSTRAINT FK_DOCUMENTO_ENTE
        FOREIGN KEY (PARTITA_IVA_ENTE) REFERENCES ENTE(PARTITA_IVA_ENTE)
);

CREATE TABLE PRENOTAZIONE (
    CODICE_PRENOTAZIONE   NUMBER       NOT NULL,
    DESCRIZIONE           CLOB,
    DATA_PRENOTAZIONE     DATE         NOT NULL,
    DATA_DIMISSIONE       DATE,
    NUMERO_CAMERA         NUMBER,
    CODICE_FISCALE_TUTORE VARCHAR2(16),
    CONSTRAINT PK_PRENOTAZIONE PRIMARY KEY (CODICE_PRENOTAZIONE),
    CONSTRAINT FK_PRENOTAZIONE_TUTORE
        FOREIGN KEY (CODICE_FISCALE_TUTORE) REFERENCES TUTORE(CODICE_FISCALE),
    CONSTRAINT FK_PRENOTAZIONE_CAMERA
        FOREIGN KEY (NUMERO_CAMERA) REFERENCES CAMERA(NUMERO_CAMERA)
);

CREATE TABLE TURNO_PROGRAMMATO (
    CODICE_FISCALE_MEDICO VARCHAR2(16) NOT NULL,
    ORA_INIZIO            VARCHAR2(16) NOT NULL,
    ORA_FINE              VARCHAR2(16) NOT NULL,
    GIORNO                DATE         NOT NULL,
    FASCIA_ORARIA         VARCHAR2(16) NOT NULL,
    CONSTRAINT PK_TURNO_PROGRAMMATO PRIMARY KEY (CODICE_FISCALE_MEDICO, GIORNO, FASCIA_ORARIA),
    CONSTRAINT FK_TURNO_PROG_MEDICO
        FOREIGN KEY (CODICE_FISCALE_MEDICO) REFERENCES MEDICO(CODICE_FISCALE)
);

CREATE TABLE TURNO_EFFETTUATO (
    CODICE_FISCALE_MEDICO VARCHAR2(16) NOT NULL,
    GIORNO                DATE         NOT NULL,
    FASCIA_ORARIA         VARCHAR2(16) NOT NULL,
    ORA_INIZIO            VARCHAR2(16) NOT NULL,
    ORA_FINE              VARCHAR2(16) NOT NULL,
    CONSTRAINT PK_TURNO_EFFETTUATO PRIMARY KEY (CODICE_FISCALE_MEDICO, GIORNO, FASCIA_ORARIA),
    CONSTRAINT FK_TURNOEFF_MEDICO
        FOREIGN KEY (CODICE_FISCALE_MEDICO) REFERENCES MEDICO(CODICE_FISCALE),
    CONSTRAINT FK_TURNOEFF_TURNO_PROG
        FOREIGN KEY (CODICE_FISCALE_MEDICO, GIORNO, FASCIA_ORARIA)
        REFERENCES TURNO_PROGRAMMATO(CODICE_FISCALE_MEDICO, GIORNO, FASCIA_ORARIA)
);

CREATE TABLE VISITA (
    CODICE_FISCALE_PARENTE   VARCHAR2(16) NOT NULL,
    GIORNO_VISITA            DATE         NOT NULL,
    ORA_INGRESSO             VARCHAR2(16) NOT NULL,
    ORA_USCITA               VARCHAR2(16),
    CODICE_FISCALE_RESIDENTE VARCHAR2(16) NOT NULL,
    CONSTRAINT PK_VISITA PRIMARY KEY (CODICE_FISCALE_PARENTE, GIORNO_VISITA, ORA_INGRESSO, CODICE_FISCALE_RESIDENTE),
    CONSTRAINT FK_VISITA_PARENTE
        FOREIGN KEY (CODICE_FISCALE_PARENTE) REFERENCES PARENTE(CODICE_FISCALE),
    CONSTRAINT FK_VISITA_RESIDENTE
        FOREIGN KEY (CODICE_FISCALE_RESIDENTE) REFERENCES RESIDENTE(CODICE_FISCALE_RESIDENTE)
);


INSERT INTO PERSONA (CODICE_FISCALE, NOME, COGNOME, DATA_NASCITA)
VALUES ('RSSMRA85M01H501U', 'Mario', 'Rossi', DATE '1985-08-01');
INSERT INTO PERSONA (CODICE_FISCALE, NOME, COGNOME, DATA_NASCITA)
VALUES ('BNCLRA92D45F205V', 'Laura', 'Bianchi', DATE '1992-04-05');
INSERT INTO PERSONA (CODICE_FISCALE, NOME, COGNOME, DATA_NASCITA)
VALUES ('VRDGPP80T12G888Y', 'Giuseppe', 'Verdi', DATE '1980-12-12');
INSERT INTO PERSONA (CODICE_FISCALE, NOME, COGNOME, DATA_NASCITA)
VALUES ('NGRFNC75L14L736X', 'Francesca', 'Neri', DATE '1975-07-14');
INSERT INTO PERSONA (CODICE_FISCALE, NOME, COGNOME, DATA_NASCITA)
VALUES ('PLRGNN60A01H501Q', 'Giovanna', 'Palladio', DATE '1960-01-01');
INSERT INTO PERSONA (CODICE_FISCALE, NOME, COGNOME, DATA_NASCITA)
VALUES ('RSSMRA55M15H501B', 'Anna', 'Rossi', DATE '1955-08-15');
INSERT INTO PERSONA (CODICE_FISCALE, NOME, COGNOME, DATA_NASCITA)
VALUES ('BNCVRD78E22F205C', 'Carlo', 'Bianco', DATE '1978-05-22');
INSERT INTO PERSONA (CODICE_FISCALE, NOME, COGNOME, DATA_NASCITA)
VALUES ('VRDLSN90P10L736P', 'Silvia', 'Verdi', DATE '1990-09-10');
INSERT INTO PERSONA (CODICE_FISCALE, NOME, COGNOME, DATA_NASCITA)
VALUES ('GRSMTT70B15G888M', 'Matteo', 'Grassi', DATE '1970-02-15');
INSERT INTO PERSONA (CODICE_FISCALE, NOME, COGNOME, DATA_NASCITA)
VALUES ('FRLGNN95C20H501X', 'Gianni', 'Ferri', DATE '1995-03-20');
INSERT INTO PERSONA (CODICE_FISCALE, NOME, COGNOME, DATA_NASCITA)
VALUES ('CNTRRT88L04F205Z', 'Roberto', 'Conti', DATE '1988-07-04');
INSERT INTO PERSONA (CODICE_FISCALE, NOME, COGNOME, DATA_NASCITA)
VALUES ('BNCSTF72N01L736W', 'Stefano', 'Bianchini', DATE '1972-01-01');
INSERT INTO PERSONA (CODICE_FISCALE, NOME, COGNOME, DATA_NASCITA)
VALUES ('LLIMNL82P30H501K', 'Manuela', 'Galli', DATE '1982-09-30');
INSERT INTO PERSONA (CODICE_FISCALE, NOME, COGNOME, DATA_NASCITA)
VALUES ('SRSLRA65E15F205T', 'Lara', 'Soresi', DATE '1965-05-15');
INSERT INTO PERSONA (CODICE_FISCALE, NOME, COGNOME, DATA_NASCITA)
VALUES ('MNNPLC50A01G888N', 'Elena', 'Manni', DATE '1950-01-01');
INSERT INTO PERSONA (CODICE_FISCALE, NOME, COGNOME, DATA_NASCITA)
VALUES ('FBRMRC88D23H501Y', 'Marco', 'Fabbri', DATE '1988-04-23');
INSERT INTO PERSONA (CODICE_FISCALE, NOME, COGNOME, DATA_NASCITA)
VALUES ('GLLLSN95S17L736P', 'Alessandra', 'Gallo', DATE '1995-11-17');
INSERT INTO PERSONA (CODICE_FISCALE, NOME, COGNOME, DATA_NASCITA)
VALUES ('PLLMRC81T12F205J', 'Enrico', 'Poli', DATE '1981-12-12');
INSERT INTO PERSONA (CODICE_FISCALE, NOME, COGNOME, DATA_NASCITA)
VALUES ('VTLCRL70A01H501B', 'Carolina', 'Vitelli', DATE '1970-01-01');
INSERT INTO PERSONA (CODICE_FISCALE, NOME, COGNOME, DATA_NASCITA)
VALUES ('CTNTNZ90E22G888Z', 'Lorenzo', 'Catena', DATE '1990-05-22');

INSERT INTO PERSONALE (CODICE_FISCALE)
VALUES ('RSSMRA85M01H501U');
INSERT INTO PERSONALE (CODICE_FISCALE)
VALUES ('BNCLRA92D45F205V');
INSERT INTO PERSONALE (CODICE_FISCALE)
VALUES ('VRDGPP80T12G888Y');
INSERT INTO PERSONALE (CODICE_FISCALE)
VALUES ('NGRFNC75L14L736X');
INSERT INTO PERSONALE (CODICE_FISCALE)
VALUES ('BNCVRD78E22F205C');
INSERT INTO PERSONALE (CODICE_FISCALE)
VALUES ('VRDLSN90P10L736P');
INSERT INTO PERSONALE (CODICE_FISCALE)
VALUES ('GRSMTT70B15G888M');
INSERT INTO PERSONALE (CODICE_FISCALE)
VALUES ('FRLGNN95C20H501X');
INSERT INTO PERSONALE (CODICE_FISCALE)
VALUES ('CNTRRT88L04F205Z');
INSERT INTO PERSONALE (CODICE_FISCALE)
VALUES ('BNCSTF72N01L736W');

INSERT INTO PARENTE (CODICE_FISCALE)
VALUES ('FBRMRC88D23H501Y');
INSERT INTO PARENTE (CODICE_FISCALE)
VALUES ('GLLLSN95S17L736P');
INSERT INTO PARENTE (CODICE_FISCALE)
VALUES ('PLLMRC81T12F205J');
INSERT INTO PARENTE (CODICE_FISCALE)
VALUES ('CTNTNZ90E22G888Z');
INSERT INTO PARENTE (CODICE_FISCALE)
VALUES ('LLIMNL82P30H501K');

INSERT INTO TUTORE (CODICE_FISCALE)
VALUES ('LLIMNL82P30H501K');
INSERT INTO TUTORE (CODICE_FISCALE)
VALUES ('FBRMRC88D23H501Y');

INSERT INTO OPERATORE (CODICE_FISCALE)
VALUES ('BNCVRD78E22F205C');
INSERT INTO OPERATORE (CODICE_FISCALE)
VALUES ('VRDLSN90P10L736P');

INSERT INTO CONTRATTO (CODICE_CONTRATTO, TIPO_CONTRATTO, PAGA_ORARIA, TASSA_DETRATTA, CODICE_FISCALE_PERSONALE)
VALUES (1001, 'Tempo Indeterminato', 35.00, 0.22, 'RSSMRA85M01H501U');
INSERT INTO CONTRATTO (CODICE_CONTRATTO, TIPO_CONTRATTO, PAGA_ORARIA, TASSA_DETRATTA, CODICE_FISCALE_PERSONALE)
VALUES (1002, 'Tempo Indeterminato', 40.00, 0.25, 'BNCLRA92D45F205V');
INSERT INTO CONTRATTO (CODICE_CONTRATTO, TIPO_CONTRATTO, PAGA_ORARIA, TASSA_DETRATTA, CODICE_FISCALE_PERSONALE)
VALUES (1003, 'Tempo Determinato', 30.00, 0.20, 'VRDGPP80T12G888Y');
INSERT INTO CONTRATTO (CODICE_CONTRATTO, TIPO_CONTRATTO, PAGA_ORARIA, TASSA_DETRATTA, CODICE_FISCALE_PERSONALE)
VALUES (1004, 'Part-Time', 28.00, 0.20, 'NGRFNC75L14L736X');
INSERT INTO CONTRATTO (CODICE_CONTRATTO, TIPO_CONTRATTO, PAGA_ORARIA, TASSA_DETRATTA, CODICE_FISCALE_PERSONALE)
VALUES (1005, 'Tempo Indeterminato', 38.00, 0.24, 'GRSMTT70B15G888M');
INSERT INTO CONTRATTO (CODICE_CONTRATTO, TIPO_CONTRATTO, PAGA_ORARIA, TASSA_DETRATTA, CODICE_FISCALE_PERSONALE)
VALUES (1006, 'Tempo Determinato', 32.00, 0.21, 'FRLGNN95C20H501X');
INSERT INTO CONTRATTO (CODICE_CONTRATTO, TIPO_CONTRATTO, PAGA_ORARIA, TASSA_DETRATTA, CODICE_FISCALE_PERSONALE)
VALUES (1007, 'Tempo Indeterminato', 36.00, 0.23, 'CNTRRT88L04F205Z');
INSERT INTO CONTRATTO (CODICE_CONTRATTO, TIPO_CONTRATTO, PAGA_ORARIA, TASSA_DETRATTA, CODICE_FISCALE_PERSONALE)
VALUES (1008, 'Tempo Indeterminato', 45.00, 0.27, 'BNCSTF72N01L736W');

INSERT INTO MEDICO (CODICE_FISCALE, CODICE_CONTRATTO)
VALUES ('RSSMRA85M01H501U', 1001);
INSERT INTO MEDICO (CODICE_FISCALE, CODICE_CONTRATTO)
VALUES ('BNCLRA92D45F205V', 1002);
INSERT INTO MEDICO (CODICE_FISCALE, CODICE_CONTRATTO)
VALUES ('VRDGPP80T12G888Y', 1003);
INSERT INTO MEDICO (CODICE_FISCALE, CODICE_CONTRATTO)
VALUES ('NGRFNC75L14L736X', 1004);

INSERT INTO REPARTO (CODICE_REPARTO, NOME_REPARTO, CODICE_FISCALE_RESPONSABILE)
VALUES ('CARDIO', 'Cardiologia', 'RSSMRA85M01H501U');
INSERT INTO REPARTO (CODICE_REPARTO, NOME_REPARTO, CODICE_FISCALE_RESPONSABILE)
VALUES ('NEURO', 'Neurologia', 'BNCLRA92D45F205V');
INSERT INTO REPARTO (CODICE_REPARTO, NOME_REPARTO, CODICE_FISCALE_RESPONSABILE)
VALUES ('ORTOP', 'Ortopedia', 'VRDGPP80T12G888Y');
INSERT INTO REPARTO (CODICE_REPARTO, NOME_REPARTO, CODICE_FISCALE_RESPONSABILE)
VALUES ('GERIA', 'Geriatria', 'NGRFNC75L14L736X');

INSERT INTO CAMERA (NUMERO_CAMERA, PIANO, LETTI_TOTALI, CODICE_REPARTO)
VALUES (101, 1, 2, 'GERIA');
INSERT INTO CAMERA (NUMERO_CAMERA, PIANO, LETTI_TOTALI, CODICE_REPARTO)
VALUES (102, 1, 2, 'GERIA');
INSERT INTO CAMERA (NUMERO_CAMERA, PIANO, LETTI_TOTALI, CODICE_REPARTO)
VALUES (103, 1, 1, 'GERIA');
INSERT INTO CAMERA (NUMERO_CAMERA, PIANO, LETTI_TOTALI, CODICE_REPARTO)
VALUES (104, 1, 1, 'GERIA');
INSERT INTO CAMERA (NUMERO_CAMERA, PIANO, LETTI_TOTALI, CODICE_REPARTO)
VALUES (201, 2, 4, 'CARDIO');
INSERT INTO CAMERA (NUMERO_CAMERA, PIANO, LETTI_TOTALI, CODICE_REPARTO)
VALUES (202, 2, 2, 'CARDIO');
INSERT INTO CAMERA (NUMERO_CAMERA, PIANO, LETTI_TOTALI, CODICE_REPARTO)
VALUES (203, 2, 3, 'NEURO');
INSERT INTO CAMERA (NUMERO_CAMERA, PIANO, LETTI_TOTALI, CODICE_REPARTO)
VALUES (301, 3, 2, 'ORTOP');
INSERT INTO CAMERA (NUMERO_CAMERA, PIANO, LETTI_TOTALI, CODICE_REPARTO)
VALUES (302, 3, 2, 'ORTOP');

INSERT INTO RESIDENTE (CODICE_FISCALE_RESIDENTE, NUMERO_CAMERA)
VALUES ('PLRGNN60A01H501Q', 101);
INSERT INTO RESIDENTE (CODICE_FISCALE_RESIDENTE, NUMERO_CAMERA)
VALUES ('RSSMRA55M15H501B', 101);
INSERT INTO RESIDENTE (CODICE_FISCALE_RESIDENTE, NUMERO_CAMERA)
VALUES ('SRSLRA65E15F205T', 102);
INSERT INTO RESIDENTE (CODICE_FISCALE_RESIDENTE, NUMERO_CAMERA)
VALUES ('MNNPLC50A01G888N', 103);
INSERT INTO RESIDENTE (CODICE_FISCALE_RESIDENTE, NUMERO_CAMERA)
VALUES ('VTLCRL70A01H501B', 104);

INSERT INTO MALATTIA (CODICE, NOME, DESCRIZIONE, LIVELLO)
VALUES ('DIA01', 'Diabete di Tipo 2', 'Disturbo metabolico caratterizzato da iperglicemia cronica', 'CRONICO');
INSERT INTO MALATTIA (CODICE, NOME, DESCRIZIONE, LIVELLO)
VALUES ('CAR01', 'Cardiopatia Ischemica', 'Ridotto apporto di sangue al cuore dovuto a stenosi coronariche', 'GRAVE');
INSERT INTO MALATTIA (CODICE, NOME, DESCRIZIONE, LIVELLO)
VALUES ('ART01', 'Artrite Reumatoide', 'Malattia infiammatoria cronica autoimmune delle articolazioni', 'CRONICO');
INSERT INTO MALATTIA (CODICE, NOME, DESCRIZIONE, LIVELLO)
VALUES ('ALZ01', 'Alzheimer', 'Malattia neurodegenerativa progressiva che causa demenza', 'GRAVE');
INSERT INTO MALATTIA (CODICE, NOME, DESCRIZIONE, LIVELLO)
VALUES ('IPO01', 'Ipotiroidismo', 'Produzione insufficiente di ormoni tiroidei', 'LIEVE');
INSERT INTO MALATTIA (CODICE, NOME, DESCRIZIONE, LIVELLO)
VALUES ('IPR01', 'Ipertensione Arteriosa', 'Pressione sanguigna persistentemente elevata', 'CRONICO');
INSERT INTO MALATTIA (CODICE, NOME, DESCRIZIONE, LIVELLO)
VALUES ('FRA01', 'Frattura del Femore', 'Frattura dell osso piu lungo del corpo umano', 'ACUTO');
INSERT INTO MALATTIA (CODICE, NOME, DESCRIZIONE, LIVELLO)
VALUES ('PAR01', 'Morbo di Parkinson', 'Malattia neurodegenerativa che colpisce il sistema motorio', 'GRAVE');

INSERT INTO FARMACO (CODICE_FARMACO, NOME, DOSE, FASCIA_ORARIA)
VALUES ('MET01', 'Metformina', 500, 'MATTUTINA');
INSERT INTO FARMACO (CODICE_FARMACO, NOME, DOSE, FASCIA_ORARIA)
VALUES ('RAA01', 'Ramipril', 5, 'MATTUTINA');
INSERT INTO FARMACO (CODICE_FARMACO, NOME, DOSE, FASCIA_ORARIA)
VALUES ('ATA01', 'Atorvastatina', 20, 'SERALE');
INSERT INTO FARMACO (CODICE_FARMACO, NOME, DOSE, FASCIA_ORARIA)
VALUES ('OME01', 'Omeprazolo', 20, 'MATTUTINA');
INSERT INTO FARMACO (CODICE_FARMACO, NOME, DOSE, FASCIA_ORARIA)
VALUES ('FUR01', 'Furosemide', 25, 'MATTUTINA');
INSERT INTO FARMACO (CODICE_FARMACO, NOME, DOSE, FASCIA_ORARIA)
VALUES ('LDO01', 'Levodopa', 100, 'MATTUTINA');
INSERT INTO FARMACO (CODICE_FARMACO, NOME, DOSE, FASCIA_ORARIA)
VALUES ('LDO02', 'Levodopa', 100, 'POMERIDIANA');
INSERT INTO FARMACO (CODICE_FARMACO, NOME, DOSE, FASCIA_ORARIA)
VALUES ('LDO03', 'Levodopa', 100, 'SERALE');
INSERT INTO FARMACO (CODICE_FARMACO, NOME, DOSE, FASCIA_ORARIA)
VALUES ('WAR01', 'Warfarin', 5, 'SERALE');
INSERT INTO FARMACO (CODICE_FARMACO, NOME, DOSE, FASCIA_ORARIA)
VALUES ('LEV01', 'Levotiroxina', 50, 'MATTUTINA');

INSERT INTO TRATTAMENTO (CODICE_TRATTAMENTO, OBIETTIVI, ESITO, RAGGIUNTO)
VALUES ('TCC01', 'Controllo glicemico con target HbA1c < 7%', 'HbA1c stabilizzata al 6.8%', 'S');
INSERT INTO TRATTAMENTO (CODICE_TRATTAMENTO, OBIETTIVI, ESITO, RAGGIUNTO)
VALUES ('TCC02', 'Riabilitazione cardiaca post-ischemia, miglioramento capacita respiratoria', 'Test da sforzo migliorato del 20%', 'S');
INSERT INTO TRATTAMENTO (CODICE_TRATTAMENTO, OBIETTIVI, ESITO, RAGGIUNTO)
VALUES ('TMO01', 'Mobilizzazione articolare e riduzione dolore da artrite', 'Dolore ridotto da 8/10 a 4/10', 'N');
INSERT INTO TRATTAMENTO (CODICE_TRATTAMENTO, OBIETTIVI, ESITO, RAGGIUNTO)
VALUES ('TCO01', 'Stimolazione cognitiva per rallentare declino Alzheimer', 'Mantenute funzioni cognitive di base', 'S');
INSERT INTO TRATTAMENTO (CODICE_TRATTAMENTO, OBIETTIVI, ESITO, RAGGIUNTO)
VALUES ('TFR01', 'Recupero funzionale post-frattura femore, ripresa deambulazione', 'Deambulazione con deambulatore a 30 metri', 'N');
INSERT INTO TRATTAMENTO (CODICE_TRATTAMENTO, OBIETTIVI, ESITO, RAGGIUNTO)
VALUES ('TPA01', 'Terapia farmacologica Parkinson con ottimizzazione Levodopa', 'Riduzione delle fluttuazioni motorie del 30%', 'S');

INSERT INTO SOFFRE (CODICE, CODICE_FISCALE_RESIDENTE)
VALUES ('DIA01', 'PLRGNN60A01H501Q');
INSERT INTO SOFFRE (CODICE, CODICE_FISCALE_RESIDENTE)
VALUES ('IPR01', 'PLRGNN60A01H501Q');
INSERT INTO SOFFRE (CODICE, CODICE_FISCALE_RESIDENTE)
VALUES ('CAR01', 'RSSMRA55M15H501B');
INSERT INTO SOFFRE (CODICE, CODICE_FISCALE_RESIDENTE)
VALUES ('ALZ01', 'SRSLRA65E15F205T');
INSERT INTO SOFFRE (CODICE, CODICE_FISCALE_RESIDENTE)
VALUES ('ART01', 'MNNPLC50A01G888N');
INSERT INTO SOFFRE (CODICE, CODICE_FISCALE_RESIDENTE)
VALUES ('IPR01', 'MNNPLC50A01G888N');
INSERT INTO SOFFRE (CODICE, CODICE_FISCALE_RESIDENTE)
VALUES ('FRA01', 'VTLCRL70A01H501B');
INSERT INTO SOFFRE (CODICE, CODICE_FISCALE_RESIDENTE)
VALUES ('PAR01', 'VTLCRL70A01H501B');

INSERT INTO ASSUME (DATA_ASSUNZIONE, CODICE_FARMACO, CODICE_FISCALE)
VALUES (DATE '2026-01-10', 'MET01', 'PLRGNN60A01H501Q');
INSERT INTO ASSUME (DATA_ASSUNZIONE, CODICE_FARMACO, CODICE_FISCALE)
VALUES (DATE '2026-01-10', 'RAA01', 'PLRGNN60A01H501Q');
INSERT INTO ASSUME (DATA_ASSUNZIONE, CODICE_FARMACO, CODICE_FISCALE)
VALUES (DATE '2026-02-01', 'ATA01', 'PLRGNN60A01H501Q');
INSERT INTO ASSUME (DATA_ASSUNZIONE, CODICE_FARMACO, CODICE_FISCALE)
VALUES (DATE '2026-01-15', 'WAR01', 'RSSMRA55M15H501B');
INSERT INTO ASSUME (DATA_ASSUNZIONE, CODICE_FARMACO, CODICE_FISCALE)
VALUES (DATE '2026-01-15', 'RAA01', 'RSSMRA55M15H501B');
INSERT INTO ASSUME (DATA_ASSUNZIONE, CODICE_FARMACO, CODICE_FISCALE)
VALUES (DATE '2026-03-01', 'LDO01', 'VTLCRL70A01H501B');
INSERT INTO ASSUME (DATA_ASSUNZIONE, CODICE_FARMACO, CODICE_FISCALE)
VALUES (DATE '2026-03-01', 'LDO02', 'VTLCRL70A01H501B');
INSERT INTO ASSUME (DATA_ASSUNZIONE, CODICE_FARMACO, CODICE_FISCALE)
VALUES (DATE '2026-03-01', 'LDO03', 'VTLCRL70A01H501B');
INSERT INTO ASSUME (DATA_ASSUNZIONE, CODICE_FARMACO, CODICE_FISCALE)
VALUES (DATE '2026-04-10', 'OME01', 'VTLCRL70A01H501B');

INSERT INTO PAI (CODICE_PAI, CODICE_FISCALE_RESIDENTE, DATA_REDAZIONE, DATA_REVISIONE, DIAGNOSI, DATA_DIMISSIONE)
VALUES ('PAI001', 'PLRGNN60A01H501Q', DATE '2026-01-10', DATE '2026-04-10', 'Diabete tipo 2 con ipertensione arteriosa. Paziente in buone condizioni generali, necessita di monitoraggio glicemico e terapia farmacologica.', NULL);
INSERT INTO PAI (CODICE_PAI, CODICE_FISCALE_RESIDENTE, DATA_REDAZIONE, DATA_REVISIONE, DIAGNOSI, DATA_DIMISSIONE)
VALUES ('PAI002', 'RSSMRA55M15H501B', DATE '2026-01-15', NULL, 'Cardiopatia ischemica cronica. Paziente con pregresso infarto miocardico, in terapia anticoagulante. Necessita di riabilitazione cardiovascolare.', NULL);
INSERT INTO PAI (CODICE_PAI, CODICE_FISCALE_RESIDENTE, DATA_REDAZIONE, DATA_REVISIONE, DIAGNOSI, DATA_DIMISSIONE)
VALUES ('PAI003', 'SRSLRA65E15F205T', DATE '2026-02-01', NULL, 'Malattia di Alzheimer in fase iniziale. Paziente con deficit di memoria a breve termine. Necessita di stimolazione cognitiva e monitoraggio comportamentale.', NULL);
INSERT INTO PAI (CODICE_PAI, CODICE_FISCALE_RESIDENTE, DATA_REDAZIONE, DATA_REVISIONE, DIAGNOSI, DATA_DIMISSIONE)
VALUES ('PAI004', 'MNNPLC50A01G888N', DATE '2026-03-01', DATE '2026-05-01', 'Artrite reumatoide con ipertensione. Paziente con dolore cronico alle articolazioni. Necessita di terapia antinfiammatoria e mobilizzazione.', NULL);
INSERT INTO PAI (CODICE_PAI, CODICE_FISCALE_RESIDENTE, DATA_REDAZIONE, DATA_REVISIONE, DIAGNOSI, DATA_DIMISSIONE)
VALUES ('PAI005', 'VTLCRL70A01H501B', DATE '2026-03-15', NULL, 'Morbo di Parkinson con frattura composta del femore destro. Paziente con limitazione motoria severa. Necessita di riabilitazione intensiva e terapia farmacologica.', NULL);

INSERT INTO NECESSITA (CODICE_TRATTAMENTO, CODICE_PAI)
VALUES ('TCC01', 'PAI001');
INSERT INTO NECESSITA (CODICE_TRATTAMENTO, CODICE_PAI)
VALUES ('TCC02', 'PAI002');
INSERT INTO NECESSITA (CODICE_TRATTAMENTO, CODICE_PAI)
VALUES ('TCO01', 'PAI003');
INSERT INTO NECESSITA (CODICE_TRATTAMENTO, CODICE_PAI)
VALUES ('TMO01', 'PAI004');
INSERT INTO NECESSITA (CODICE_TRATTAMENTO, CODICE_PAI)
VALUES ('TFR01', 'PAI005');
INSERT INTO NECESSITA (CODICE_TRATTAMENTO, CODICE_PAI)
VALUES ('TPA01', 'PAI005');

INSERT INTO CONSULENZA (CODICE_CONSULENZA, DATA_CONSULENZA, NOTE_CONSULENZA)
VALUES (2001, DATE '2026-01-20', 'Valutazione cardiologica di controllo per paziente con cardiopatia ischemica. ECG nella norma.');
INSERT INTO CONSULENZA (CODICE_CONSULENZA, DATA_CONSULENZA, NOTE_CONSULENZA)
VALUES (2002, DATE '2026-02-10', 'Consulenza neurologica per paziente Alzheimer. Mini-Mental Test: 22/30. Confermata progressione lenta.');
INSERT INTO CONSULENZA (CODICE_CONSULENZA, DATA_CONSULENZA, NOTE_CONSULENZA)
VALUES (2003, DATE '2026-02-15', 'Valutazione ortopedica per paziente con artrite reumatoide. RX mani mostra erosioni articolari.');
INSERT INTO CONSULENZA (CODICE_CONSULENZA, DATA_CONSULENZA, NOTE_CONSULENZA)
VALUES (2004, DATE '2026-03-20', 'Consulenza diabetologica. Controllo emocromo e HbA1c. Terapia metformina confermata.');
INSERT INTO CONSULENZA (CODICE_CONSULENZA, DATA_CONSULENZA, NOTE_CONSULENZA)
VALUES (2005, DATE '2026-03-25', 'Valutazione neurologica per Parkinson. UPDRS: 28. Ottimizzazione terapia Levodopa.');
INSERT INTO CONSULENZA (CODICE_CONSULENZA, DATA_CONSULENZA, NOTE_CONSULENZA)
VALUES (2006, DATE '2026-04-05', 'Consulenza fisiatrica per recupero funzionale post-frattura femore. Programmata sedute di fisioterapia.');

INSERT INTO EFFETTUA (CODICE_CONSULENZA, CODICE_FISCALE_MEDICO)
VALUES (2001, 'RSSMRA85M01H501U');
INSERT INTO EFFETTUA (CODICE_CONSULENZA, CODICE_FISCALE_MEDICO)
VALUES (2002, 'BNCLRA92D45F205V');
INSERT INTO EFFETTUA (CODICE_CONSULENZA, CODICE_FISCALE_MEDICO)
VALUES (2003, 'VRDGPP80T12G888Y');
INSERT INTO EFFETTUA (CODICE_CONSULENZA, CODICE_FISCALE_MEDICO)
VALUES (2004, 'RSSMRA85M01H501U');
INSERT INTO EFFETTUA (CODICE_CONSULENZA, CODICE_FISCALE_MEDICO)
VALUES (2005, 'BNCLRA92D45F205V');
INSERT INTO EFFETTUA (CODICE_CONSULENZA, CODICE_FISCALE_MEDICO)
VALUES (2006, 'NGRFNC75L14L736X');

INSERT INTO RICEVE (CODICE_FISCALE_RESIDENTE, CODICE_CONSULENZA)
VALUES ('RSSMRA55M15H501B', 2001);
INSERT INTO RICEVE (CODICE_FISCALE_RESIDENTE, CODICE_CONSULENZA)
VALUES ('SRSLRA65E15F205T', 2002);
INSERT INTO RICEVE (CODICE_FISCALE_RESIDENTE, CODICE_CONSULENZA)
VALUES ('MNNPLC50A01G888N', 2003);
INSERT INTO RICEVE (CODICE_FISCALE_RESIDENTE, CODICE_CONSULENZA)
VALUES ('PLRGNN60A01H501Q', 2004);
INSERT INTO RICEVE (CODICE_FISCALE_RESIDENTE, CODICE_CONSULENZA)
VALUES ('VTLCRL70A01H501B', 2005);
INSERT INTO RICEVE (CODICE_FISCALE_RESIDENTE, CODICE_CONSULENZA)
VALUES ('VTLCRL70A01H501B', 2006);

INSERT INTO AZIENDA_ESTERNA (PARTITA_IVA, NOME_AZIENDA, EMAIL, NUMERO_DI_TELEFONO, PEC, CODICE_FISCALE_OPERATORE)
VALUES ('01234567890', 'Pulizie Igiene s.r.l.', 'info@pulizieigiene.it', '+39 02 12345678', 'pulizieigiene@pec.it', 'BNCVRD78E22F205C');
INSERT INTO AZIENDA_ESTERNA (PARTITA_IVA, NOME_AZIENDA, EMAIL, NUMERO_DI_TELEFONO, PEC, CODICE_FISCALE_OPERATORE)
VALUES ('09876543211', 'Ristorazione Salute s.p.a.', 'contatti@ristorazionesalute.it', '+39 06 87654321', 'ristorazionesalute@pec.it', 'VRDLSN90P10L736P');
INSERT INTO AZIENDA_ESTERNA (PARTITA_IVA, NOME_AZIENDA, EMAIL, NUMERO_DI_TELEFONO, PEC, CODICE_FISCALE_OPERATORE)
VALUES ('04567891234', 'Sanifood Catering s.r.l.', 'ordini@sanifood.it', '+39 011 9876543', 'sanifood@pec.it', 'VRDLSN90P10L736P');

INSERT INTO DITTA_PULIZIE (PARTITA_IVA)
VALUES ('01234567890');

INSERT INTO DITTA_RISTORANTE (PARTITA_IVA)
VALUES ('09876543211');
INSERT INTO DITTA_RISTORANTE (PARTITA_IVA)
VALUES ('04567891234');

INSERT INTO DIETA (NOME, TIPOLOGIA, NOTA)
VALUES ('Standard', 'Normale', 'Dieta bilanciata standard per pazienti senza restrizioni');
INSERT INTO DIETA (NOME, TIPOLOGIA, NOTA)
VALUES ('Diabetica', 'Ipoglicidica', 'Dieta a basso contenuto di zuccheri per pazienti diabetici');
INSERT INTO DIETA (NOME, TIPOLOGIA, NOTA)
VALUES ('Iposodica', 'Iposodica', 'Dieta a basso contenuto di sale per pazienti ipertesi');
INSERT INTO DIETA (NOME, TIPOLOGIA, NOTA)
VALUES ('Morbida', 'Morbida', 'Dieta semisolida per pazienti con difficolta di masticazione/deglutizione');
INSERT INTO DIETA (NOME, TIPOLOGIA, NOTA)
VALUES ('Proteica', 'Iperproteica', 'Dieta ad alto contenuto proteico per pazienti in recupero post-operatorio');

INSERT INTO FORNISCE (PARTITA_IVA, NOME)
VALUES ('09876543211', 'Standard');
INSERT INTO FORNISCE (PARTITA_IVA, NOME)
VALUES ('09876543211', 'Diabetica');
INSERT INTO FORNISCE (PARTITA_IVA, NOME)
VALUES ('09876543211', 'Iposodica');
INSERT INTO FORNISCE (PARTITA_IVA, NOME)
VALUES ('04567891234', 'Morbida');
INSERT INTO FORNISCE (PARTITA_IVA, NOME)
VALUES ('04567891234', 'Proteica');

INSERT INTO PULISCE (NUMERO_CAMERA, PARTITA_IVA)
VALUES (101, '01234567890');
INSERT INTO PULISCE (NUMERO_CAMERA, PARTITA_IVA)
VALUES (102, '01234567890');
INSERT INTO PULISCE (NUMERO_CAMERA, PARTITA_IVA)
VALUES (103, '01234567890');
INSERT INTO PULISCE (NUMERO_CAMERA, PARTITA_IVA)
VALUES (104, '01234567890');
INSERT INTO PULISCE (NUMERO_CAMERA, PARTITA_IVA)
VALUES (201, '01234567890');
INSERT INTO PULISCE (NUMERO_CAMERA, PARTITA_IVA)
VALUES (202, '01234567890');

INSERT INTO ENTE (PARTITA_IVA_ENTE, ENTE_EROGAZIONE)
VALUES ('11223344556', 'Comune di Milano');
INSERT INTO ENTE (PARTITA_IVA_ENTE, ENTE_EROGAZIONE)
VALUES ('22334455667', 'ASL Roma 1');
INSERT INTO ENTE (PARTITA_IVA_ENTE, ENTE_EROGAZIONE)
VALUES ('33445566778', 'INPS');

INSERT INTO DOCUMENTO (CF_PERSONA, SCADENZA, PARTITA_IVA_ENTE)
VALUES ('PLRGNN60A01H501Q', DATE '2028-06-15', '11223344556');
INSERT INTO DOCUMENTO (CF_PERSONA, SCADENZA, PARTITA_IVA_ENTE)
VALUES ('RSSMRA55M15H501B', DATE '2027-03-20', '11223344556');
INSERT INTO DOCUMENTO (CF_PERSONA, SCADENZA, PARTITA_IVA_ENTE)
VALUES ('SRSLRA65E15F205T', DATE '2027-11-30', '22334455667');
INSERT INTO DOCUMENTO (CF_PERSONA, SCADENZA, PARTITA_IVA_ENTE)
VALUES ('MNNPLC50A01G888N', DATE '2028-01-10', '22334455667');
INSERT INTO DOCUMENTO (CF_PERSONA, SCADENZA, PARTITA_IVA_ENTE)
VALUES ('VTLCRL70A01H501B', DATE '2026-09-05', '33445566778');

INSERT INTO PRENOTAZIONE (CODICE_PRENOTAZIONE, DESCRIZIONE, DATA_PRENOTAZIONE, DATA_DIMISSIONE, NUMERO_CAMERA, CODICE_FISCALE_TUTORE)
VALUES (3001, 'Ricovero per riabilitazione cardiaca post-infarto', DATE '2026-01-10', NULL, 101, 'LLIMNL82P30H501K');
INSERT INTO PRENOTAZIONE (CODICE_PRENOTAZIONE, DESCRIZIONE, DATA_PRENOTAZIONE, DATA_DIMISSIONE, NUMERO_CAMERA, CODICE_FISCALE_TUTORE)
VALUES (3002, 'Ricovero per Alzheimer con bisogno di assistenza continua', DATE '2026-01-30', NULL, 102, NULL);
INSERT INTO PRENOTAZIONE (CODICE_PRENOTAZIONE, DESCRIZIONE, DATA_PRENOTAZIONE, DATA_DIMISSIONE, NUMERO_CAMERA, CODICE_FISCALE_TUTORE)
VALUES (3003, 'Ricovero per artrite reumatoide e mobilizzazione', DATE '2026-02-20', NULL, 103, 'FBRMRC88D23H501Y');
INSERT INTO PRENOTAZIONE (CODICE_PRENOTAZIONE, DESCRIZIONE, DATA_PRENOTAZIONE, DATA_DIMISSIONE, NUMERO_CAMERA, CODICE_FISCALE_TUTORE)
VALUES (3004, 'Ricovero per frattura femore e Parkinson', DATE '2026-03-10', NULL, 104, 'FBRMRC88D23H501Y');

INSERT INTO TURNO_PROGRAMMATO (CODICE_FISCALE_MEDICO, ORA_INIZIO, ORA_FINE, GIORNO, FASCIA_ORARIA)
VALUES ('RSSMRA85M01H501U', '08:00', '14:00', DATE '2026-04-01', 'MATTUTINA');
INSERT INTO TURNO_PROGRAMMATO (CODICE_FISCALE_MEDICO, ORA_INIZIO, ORA_FINE, GIORNO, FASCIA_ORARIA)
VALUES ('BNCLRA92D45F205V', '08:00', '14:00', DATE '2026-04-01', 'MATTUTINA');
INSERT INTO TURNO_PROGRAMMATO (CODICE_FISCALE_MEDICO, ORA_INIZIO, ORA_FINE, GIORNO, FASCIA_ORARIA)
VALUES ('VRDGPP80T12G888Y', '14:00', '20:00', DATE '2026-04-01', 'POMERIDIANA');
INSERT INTO TURNO_PROGRAMMATO (CODICE_FISCALE_MEDICO, ORA_INIZIO, ORA_FINE, GIORNO, FASCIA_ORARIA)
VALUES ('NGRFNC75L14L736X', '14:00', '20:00', DATE '2026-04-01', 'POMERIDIANA');
INSERT INTO TURNO_PROGRAMMATO (CODICE_FISCALE_MEDICO, ORA_INIZIO, ORA_FINE, GIORNO, FASCIA_ORARIA)
VALUES ('RSSMRA85M01H501U', '08:00', '14:00', DATE '2026-04-02', 'MATTUTINA');
INSERT INTO TURNO_PROGRAMMATO (CODICE_FISCALE_MEDICO, ORA_INIZIO, ORA_FINE, GIORNO, FASCIA_ORARIA)
VALUES ('BNCLRA92D45F205V', '20:00', '08:00', DATE '2026-04-02', 'NOTTURNA');
INSERT INTO TURNO_PROGRAMMATO (CODICE_FISCALE_MEDICO, ORA_INIZIO, ORA_FINE, GIORNO, FASCIA_ORARIA)
VALUES ('RSSMRA85M01H501U', '08:00', '14:00', DATE '2026-04-03', 'MATTUTINA');
INSERT INTO TURNO_PROGRAMMATO (CODICE_FISCALE_MEDICO, ORA_INIZIO, ORA_FINE, GIORNO, FASCIA_ORARIA)
VALUES ('VRDGPP80T12G888Y', '08:00', '14:00', DATE '2026-04-03', 'MATTUTINA');

INSERT INTO TURNO_EFFETTUATO (CODICE_FISCALE_MEDICO, GIORNO, FASCIA_ORARIA, ORA_INIZIO, ORA_FINE)
VALUES ('RSSMRA85M01H501U', DATE '2026-04-01', 'MATTUTINA', '08:00', '14:15');
INSERT INTO TURNO_EFFETTUATO (CODICE_FISCALE_MEDICO, GIORNO, FASCIA_ORARIA, ORA_INIZIO, ORA_FINE)
VALUES ('BNCLRA92D45F205V', DATE '2026-04-01', 'MATTUTINA', '08:00', '14:00');
INSERT INTO TURNO_EFFETTUATO (CODICE_FISCALE_MEDICO, GIORNO, FASCIA_ORARIA, ORA_INIZIO, ORA_FINE)
VALUES ('VRDGPP80T12G888Y', DATE '2026-04-01', 'POMERIDIANA', '14:00', '20:30');
INSERT INTO TURNO_EFFETTUATO (CODICE_FISCALE_MEDICO, GIORNO, FASCIA_ORARIA, ORA_INIZIO, ORA_FINE)
VALUES ('NGRFNC75L14L736X', DATE '2026-04-01', 'POMERIDIANA', '14:15', '20:00');
INSERT INTO TURNO_EFFETTUATO (CODICE_FISCALE_MEDICO, GIORNO, FASCIA_ORARIA, ORA_INIZIO, ORA_FINE)
VALUES ('RSSMRA85M01H501U', DATE '2026-04-02', 'MATTUTINA', '08:00', '14:00');
INSERT INTO TURNO_EFFETTUATO (CODICE_FISCALE_MEDICO, GIORNO, FASCIA_ORARIA, ORA_INIZIO, ORA_FINE)
VALUES ('BNCLRA92D45F205V', DATE '2026-04-02', 'NOTTURNA', '20:00', '08:10');
INSERT INTO TURNO_EFFETTUATO (CODICE_FISCALE_MEDICO, GIORNO, FASCIA_ORARIA, ORA_INIZIO, ORA_FINE)
VALUES ('RSSMRA85M01H501U', DATE '2026-04-03', 'MATTUTINA', '08:00', '14:05');
INSERT INTO TURNO_EFFETTUATO (CODICE_FISCALE_MEDICO, GIORNO, FASCIA_ORARIA, ORA_INIZIO, ORA_FINE)
VALUES ('VRDGPP80T12G888Y', DATE '2026-04-03', 'MATTUTINA', '08:00', '14:00');

INSERT INTO VISITA (CODICE_FISCALE_PARENTE, GIORNO_VISITA, ORA_INGRESSO, ORA_USCITA, CODICE_FISCALE_RESIDENTE)
VALUES ('FBRMRC88D23H501Y', DATE '2026-04-02', '10:30', '11:45', 'PLRGNN60A01H501Q');
INSERT INTO VISITA (CODICE_FISCALE_PARENTE, GIORNO_VISITA, ORA_INGRESSO, ORA_USCITA, CODICE_FISCALE_RESIDENTE)
VALUES ('GLLLSN95S17L736P', DATE '2026-04-02', '15:00', '16:30', 'RSSMRA55M15H501B');
INSERT INTO VISITA (CODICE_FISCALE_PARENTE, GIORNO_VISITA, ORA_INGRESSO, ORA_USCITA, CODICE_FISCALE_RESIDENTE)
VALUES ('PLLMRC81T12F205J', DATE '2026-04-03', '09:00', '10:15', 'MNNPLC50A01G888N');
INSERT INTO VISITA (CODICE_FISCALE_PARENTE, GIORNO_VISITA, ORA_INGRESSO, ORA_USCITA, CODICE_FISCALE_RESIDENTE)
VALUES ('CTNTNZ90E22G888Z', DATE '2026-04-03', '11:00', '12:00', 'VTLCRL70A01H501B');
INSERT INTO VISITA (CODICE_FISCALE_PARENTE, GIORNO_VISITA, ORA_INGRESSO, ORA_USCITA, CODICE_FISCALE_RESIDENTE)
VALUES ('LLIMNL82P30H501K', DATE '2026-04-03', '14:00', '15:30', 'PLRGNN60A01H501Q');


CREATE OR REPLACE FUNCTION CALCOLA_ETA(CF_PERSONA IN VARCHAR2)
RETURN NUMBER IS
  DATA_NASCITA_PERSONA DATE;
BEGIN
  SELECT DATA_NASCITA INTO DATA_NASCITA_PERSONA
  FROM PERSONA
  WHERE CODICE_FISCALE = CF_PERSONA;
  RETURN TRUNC(MONTHS_BETWEEN(SYSDATE, DATA_NASCITA_PERSONA) / 12);
EXCEPTION
  WHEN NO_DATA_FOUND THEN RETURN NULL;
END;
/

CREATE OR REPLACE FUNCTION CONTEGGIO_CAMERE_LIBERE(COD_REPARTO IN VARCHAR2)
RETURN NUMBER IS
  CONTEGGIO_LIBERE NUMBER;
BEGIN
  SELECT COUNT(*) INTO CONTEGGIO_LIBERE
  FROM CAMERA
  WHERE CODICE_REPARTO = COD_REPARTO
    AND NUMERO_CAMERA NOT IN (SELECT NUMERO_CAMERA FROM RESIDENTE);
  RETURN CONTEGGIO_LIBERE;
END;
/

CREATE OR REPLACE FUNCTION CONTEGGIO_FARMACI_ASSEGNATI(CF_PERSONA IN VARCHAR2)
RETURN NUMBER IS
  NUMERO_FARMACI NUMBER;
BEGIN
  SELECT COUNT(*) INTO NUMERO_FARMACI
  FROM ASSUME
  WHERE CODICE_FISCALE = CF_PERSONA;
  RETURN NUMERO_FARMACI;
END;
/

CREATE OR REPLACE FUNCTION CALCOLA_STIPENDIO_MENSILE(CF_PERSONALE IN VARCHAR2)
RETURN NUMBER IS
  PAGA_ORARIA_PERSONALE NUMBER;
  ORE_LAVORO_MENSILI NUMBER := 160;
BEGIN
  SELECT CONTRATTO.PAGA_ORARIA INTO PAGA_ORARIA_PERSONALE
  FROM CONTRATTO
  WHERE CONTRATTO.CODICE_FISCALE_PERSONALE = CF_PERSONALE
    AND ROWNUM = 1
  ORDER BY CONTRATTO.CODICE_CONTRATTO DESC;
  RETURN PAGA_ORARIA_PERSONALE * ORE_LAVORO_MENSILI;
EXCEPTION
  WHEN NO_DATA_FOUND THEN RETURN 0;
END;
/

CREATE OR REPLACE FUNCTION VERIFICA_PAI_ATTIVO(CF_RESIDENTE IN VARCHAR2)
RETURN VARCHAR2 IS
  PAI_TROVATO NUMBER;
BEGIN
  SELECT COUNT(*) INTO PAI_TROVATO
  FROM PAI
  WHERE PAI.CODICE_FISCALE_RESIDENTE = CF_RESIDENTE
    AND PAI.DATA_DIMISSIONE IS NULL;
  IF PAI_TROVATO > 0 THEN RETURN 'ATTIVO';
  ELSE RETURN 'NESSUN PAI';
  END IF;
END;
/

CREATE OR REPLACE FUNCTION CONTEGGIO_VISITE_RESIDENTE(CF_RESIDENTE IN VARCHAR2, DATA_INIZIO IN DATE, DATA_FINE IN DATE)
RETURN NUMBER IS
  NUMERO_VISITE NUMBER;
BEGIN
  SELECT COUNT(*) INTO NUMERO_VISITE
  FROM VISITA
  WHERE VISITA.CODICE_FISCALE_RESIDENTE = CF_RESIDENTE
    AND VISITA.GIORNO_VISITA BETWEEN DATA_INIZIO AND DATA_FINE;
  RETURN NUMERO_VISITE;
END;
/

CREATE OR REPLACE FUNCTION DESCRIZIONE_ESITO_TRATTAMENTO(COD_TRATTAMENTO IN VARCHAR2)
RETURN VARCHAR2 IS
  STATO_RAGGIUNTO CHAR(1);
  DESCRIZIONE_ESITO VARCHAR2(4000);
BEGIN
  SELECT TRATTAMENTO.RAGGIUNTO, TRATTAMENTO.ESITO
  INTO STATO_RAGGIUNTO, DESCRIZIONE_ESITO
  FROM TRATTAMENTO
  WHERE TRATTAMENTO.CODICE_TRATTAMENTO = COD_TRATTAMENTO;
  IF STATO_RAGGIUNTO = 'S' THEN
    RETURN 'RAGGIUNTO: ' || DESCRIZIONE_ESITO;
  ELSE
    RETURN 'IN CORSO';
  END IF;
EXCEPTION
  WHEN NO_DATA_FOUND THEN RETURN 'TRATTAMENTO NON TROVATO';
END;
/


CREATE OR REPLACE TRIGGER TRG_IMPEDISCI_MODIFICA_CF_PERSONA
BEFORE UPDATE OF CODICE_FISCALE ON PERSONA
FOR EACH ROW
BEGIN
  RAISE_APPLICATION_ERROR(-20001, 'Il codice fiscale della persona non e modificabile');
END;
/

CREATE OR REPLACE TRIGGER TRG_IMPEDISCI_MODIFICA_CF_RESIDENTE
BEFORE UPDATE OF CODICE_FISCALE_RESIDENTE ON RESIDENTE
FOR EACH ROW
BEGIN
  RAISE_APPLICATION_ERROR(-20002, 'Il codice fiscale del residente non e modificabile');
END;
/

CREATE OR REPLACE TRIGGER TRG_CONTROLLO_DISPONIBILITA_CAMERA
BEFORE INSERT ON RESIDENTE
FOR EACH ROW
DECLARE
  POSTI_TOTALI_CAMERA NUMBER;
  POSTI_OCCUPATI_CAMERA NUMBER;
BEGIN
  SELECT LETTI_TOTALI INTO POSTI_TOTALI_CAMERA
  FROM CAMERA
  WHERE NUMERO_CAMERA = :NEW.NUMERO_CAMERA;
  SELECT COUNT(*) INTO POSTI_OCCUPATI_CAMERA
  FROM RESIDENTE
  WHERE NUMERO_CAMERA = :NEW.NUMERO_CAMERA;
  IF POSTI_OCCUPATI_CAMERA >= POSTI_TOTALI_CAMERA THEN
    RAISE_APPLICATION_ERROR(-20003,
      'Camera ' || :NEW.NUMERO_CAMERA || ' al completo: ' || POSTI_TOTALI_CAMERA || ' posti');
  END IF;
END;
/

CREATE OR REPLACE TRIGGER TRG_AGGIORNA_DATA_REVISIONE_PAI
BEFORE UPDATE ON PAI
FOR EACH ROW
BEGIN
  :NEW.DATA_REVISIONE := SYSDATE;
END;
/

CREATE OR REPLACE TRIGGER TRG_VALIDA_INSERIMENTO_PAI_TRATTAMENTO
BEFORE INSERT ON NECESSITA
FOR EACH ROW
DECLARE
  RESIDENTE_PAI VARCHAR2(16);
BEGIN
  SELECT CODICE_FISCALE_RESIDENTE INTO RESIDENTE_PAI
  FROM PAI
  WHERE CODICE_PAI = :NEW.CODICE_PAI;
EXCEPTION
  WHEN NO_DATA_FOUND THEN
    RAISE_APPLICATION_ERROR(-20004, 'PAI non trovato per il trattamento');
END;
/

CREATE OR REPLACE TRIGGER TRG_VALIDA_ORARI_VISITA
BEFORE INSERT OR UPDATE ON VISITA
FOR EACH ROW
BEGIN
  IF :NEW.ORA_USCITA IS NOT NULL AND :NEW.ORA_USCITA <= :NEW.ORA_INGRESSO THEN
    RAISE_APPLICATION_ERROR(-20005,
      'Ora uscita deve essere successiva a ora ingresso');
  END IF;
END;
/

CREATE OR REPLACE TRIGGER TRG_VALIDA_ORARI_TURNO
BEFORE INSERT OR UPDATE ON TURNO_PROGRAMMATO
FOR EACH ROW
BEGIN
  IF :NEW.ORA_FINE <= :NEW.ORA_INIZIO THEN
    RAISE_APPLICATION_ERROR(-20006,
      'Ora fine turno deve essere successiva a ora inizio');
  END IF;
END;
/

CREATE OR REPLACE TRIGGER TRG_DIMISSIONE_AUTOMATICA_RESIDENTE
AFTER UPDATE OF DATA_DIMISSIONE ON PAI
FOR EACH ROW
BEGIN
  IF :NEW.DATA_DIMISSIONE IS NOT NULL THEN
    DELETE FROM RESIDENTE
    WHERE CODICE_FISCALE_RESIDENTE = :NEW.CODICE_FISCALE_RESIDENTE;
  END IF;
END;
/


CREATE OR REPLACE FUNCTION AMMETTI_RESIDENTE(
    p_cf_persona IN VARCHAR2,
    p_nome IN VARCHAR2,
    p_cognome IN VARCHAR2,
    p_data_nascita IN DATE,
    p_numero_camera IN NUMBER
) RETURN NUMBER AS
    v_count NUMBER;
    v_letti_totali NUMBER;
    v_occupati NUMBER;
    v_disponibilita NUMBER;
BEGIN
    SELECT NVL(SUM(LETTI_TOTALI), 0) INTO v_letti_totali FROM CAMERA;
    SELECT COUNT(*) INTO v_occupati FROM RESIDENTE;
    v_disponibilita := v_letti_totali - v_occupati;
    IF v_disponibilita <= 0 THEN
        RETURN 0;
    END IF;
    SELECT COUNT(*) INTO v_count FROM PERSONA WHERE CODICE_FISCALE = p_cf_persona;
    IF v_count = 0 THEN
        INSERT INTO PERSONA (CODICE_FISCALE, NOME, COGNOME, DATA_NASCITA)
        VALUES (p_cf_persona, p_nome, p_cognome, p_data_nascita);
    END IF;
    INSERT INTO RESIDENTE (CODICE_FISCALE_RESIDENTE, NUMERO_CAMERA)
    VALUES (p_cf_persona, p_numero_camera);
    COMMIT;
    RETURN 1;
EXCEPTION
    WHEN OTHERS THEN
        ROLLBACK;
        RETURN 0;
END;
/

CREATE OR REPLACE FUNCTION CONTROLLO_RESIDENTE(
    p_cf_residente IN VARCHAR2
) RETURN NUMBER AS
    v_ammesso NUMBER;
BEGIN
    SELECT COUNT(*) INTO v_ammesso FROM RESIDENTE WHERE CODICE_FISCALE_RESIDENTE = p_cf_residente;
    IF v_ammesso > 0 THEN
        RETURN 1;
    ELSE
        RETURN 0;
    END IF;
END;
/

CREATE OR REPLACE FUNCTION ASSUMI_MEDICO(
    p_cf IN VARCHAR2, 
    p_nome IN VARCHAR2, 
    p_cognome IN VARCHAR2, 
    p_data_nascita IN DATE,
    p_cod_contratto IN NUMBER, 
    p_tipo_contratto IN VARCHAR2, 
    p_paga_oraria IN NUMBER, 
    p_tassa IN NUMBER
) RETURN NUMBER AS
    v_count NUMBER;
BEGIN
    SELECT COUNT(*) INTO v_count FROM PERSONA WHERE CODICE_FISCALE = p_cf;
    IF v_count = 0 THEN
        INSERT INTO PERSONA (CODICE_FISCALE, NOME, COGNOME, DATA_NASCITA)
        VALUES (p_cf, p_nome, p_cognome, p_data_nascita);
    END IF;
    INSERT INTO PERSONALE (CODICE_FISCALE) VALUES (p_cf);
    INSERT INTO CONTRATTO (CODICE_CONTRATTO, TIPO_CONTRATTO, PAGA_ORARIA, TASSA_DETRATTA, CODICE_FISCALE_PERSONALE)
    VALUES (p_cod_contratto, p_tipo_contratto, p_paga_oraria, p_tassa, p_cf);
    INSERT INTO MEDICO (CODICE_FISCALE, CODICE_CONTRATTO) VALUES (p_cf, p_cod_contratto);
    COMMIT;
    RETURN 1;
EXCEPTION
    WHEN OTHERS THEN
        ROLLBACK;
        RETURN 0;
END;
/

CREATE OR REPLACE FUNCTION REGISTRA_CONSULENZA(
    p_cod_consulenza IN NUMBER, 
    p_data IN DATE, 
    p_note IN CLOB,
    p_cf_medico IN VARCHAR2, 
    p_cf_residente IN VARCHAR2
) RETURN NUMBER AS
BEGIN
    INSERT INTO CONSULENZA (CODICE_CONSULENZA, DATA_CONSULENZA, NOTE_CONSULENZA)
    VALUES (p_cod_consulenza, p_data, p_note);
    INSERT INTO EFFETTUA (CODICE_CONSULENZA, CODICE_FISCALE_MEDICO)
    VALUES (p_cod_consulenza, p_cf_medico);
    INSERT INTO RICEVE (CODICE_FISCALE_RESIDENTE, CODICE_CONSULENZA)
    VALUES (p_cf_residente, p_cod_consulenza);
    COMMIT;
    RETURN 1;
EXCEPTION
    WHEN OTHERS THEN
        ROLLBACK;
        RETURN 0;
END;
/

CREATE OR REPLACE FUNCTION SPOSTA_RESIDENTE(
    p_cf_residente IN VARCHAR2,
    p_nuova_camera IN NUMBER
) RETURN NUMBER AS
BEGIN
    UPDATE RESIDENTE
    SET NUMERO_CAMERA = p_nuova_camera
    WHERE CODICE_FISCALE_RESIDENTE = p_cf_residente;
    COMMIT;
    RETURN 1;
EXCEPTION
    WHEN OTHERS THEN
        ROLLBACK;
        RETURN 0;
END;
/

CREATE OR REPLACE FUNCTION REGISTRA_INGRESSO_VISITA(
    p_cf_parente IN VARCHAR2,
    p_cf_residente IN VARCHAR2
) RETURN NUMBER AS
    v_esiste_residente NUMBER;
BEGIN
    v_esiste_residente := CONTROLLO_RESIDENTE(p_cf_residente);
    IF v_esiste_residente = 0 THEN
        RETURN 0;
    END IF;
    INSERT INTO VISITA (CODICE_FISCALE_PARENTE, GIORNO_VISITA, ORA_INGRESSO, ORA_USCITA, CODICE_FISCALE_RESIDENTE)
    VALUES (p_cf_parente, TRUNC(SYSDATE), TO_CHAR(SYSDATE, 'HH24:MI'), NULL, p_cf_residente);
    COMMIT;
    RETURN 1;
EXCEPTION
    WHEN OTHERS THEN
        ROLLBACK;
        RETURN 0;
END;
/

CREATE OR REPLACE FUNCTION REGISTRA_USCITA_VISITA(
    p_cf_parente IN VARCHAR2,
    p_cf_residente IN VARCHAR2
) RETURN NUMBER AS
BEGIN
    UPDATE VISITA
    SET ORA_USCITA = TO_CHAR(SYSDATE, 'HH24:MI')
    WHERE CODICE_FISCALE_PARENTE = p_cf_parente
      AND GIORNO_VISITA = TRUNC(SYSDATE)
      AND CODICE_FISCALE_RESIDENTE = p_cf_residente
      AND ORA_USCITA IS NULL;
    COMMIT;
    RETURN 1;
EXCEPTION
    WHEN OTHERS THEN
        ROLLBACK;
        RETURN 0;
END;
/


CREATE OR REPLACE VIEW VISTA_RESIDENTI_ATTIVI AS
SELECT 
    PERSONA.CODICE_FISCALE,
    PERSONA.NOME,
    PERSONA.COGNOME,
    PERSONA.DATA_NASCITA,
    RESIDENTE.NUMERO_CAMERA,
    CAMERA.PIANO,
    REPARTO.NOME_REPARTO
FROM 
    PERSONA
JOIN 
    RESIDENTE ON PERSONA.CODICE_FISCALE = RESIDENTE.CODICE_FISCALE_RESIDENTE
JOIN 
    CAMERA ON RESIDENTE.NUMERO_CAMERA = CAMERA.NUMERO_CAMERA
JOIN 
    REPARTO ON CAMERA.CODICE_REPARTO = REPARTO.CODICE_REPARTO;

CREATE OR REPLACE VIEW VISTA_MEDICI AS
SELECT 
    PERSONA.CODICE_FISCALE,
    PERSONA.NOME,
    PERSONA.COGNOME,
    CONTRATTO.TIPO_CONTRATTO,
    CONTRATTO.PAGA_ORARIA,
    REPARTO.NOME_REPARTO AS RESPONSABILE_DI_REPARTO
FROM 
    PERSONA
JOIN 
    MEDICO ON PERSONA.CODICE_FISCALE = MEDICO.CODICE_FISCALE
JOIN 
    CONTRATTO ON MEDICO.CODICE_CONTRATTO = CONTRATTO.CODICE_CONTRATTO
LEFT JOIN 
    REPARTO ON MEDICO.CODICE_FISCALE = REPARTO.CODICE_FISCALE_RESPONSABILE;

CREATE OR REPLACE VIEW VISTA_TERAPIE_FARMACI AS
SELECT 
    PERSONA.NOME AS NOME_RESIDENTE,
    PERSONA.COGNOME AS COGNOME_RESIDENTE,
    FARMACO.NOME AS NOME_FARMACO,
    FARMACO.DOSE,
    FARMACO.FASCIA_ORARIA,
    ASSUME.DATA_ASSUNZIONE
FROM 
    ASSUME
JOIN 
    FARMACO ON ASSUME.CODICE_FARMACO = FARMACO.CODICE_FARMACO
JOIN 
    RESIDENTE ON ASSUME.CODICE_FISCALE = RESIDENTE.CODICE_FISCALE_RESIDENTE
JOIN 
    PERSONA ON RESIDENTE.CODICE_FISCALE_RESIDENTE = PERSONA.CODICE_FISCALE;

CREATE OR REPLACE VIEW VISTA_TURNI_MEDICI AS
SELECT 
    TURNO_PROGRAMMATO.GIORNO,
    TURNO_PROGRAMMATO.FASCIA_ORARIA,
    TURNO_PROGRAMMATO.ORA_INIZIO,
    TURNO_PROGRAMMATO.ORA_FINE,
    PERSONA.NOME,
    PERSONA.COGNOME,
    MEDICO.CODICE_FISCALE
FROM 
    TURNO_PROGRAMMATO
JOIN 
    MEDICO ON TURNO_PROGRAMMATO.CODICE_FISCALE_MEDICO = MEDICO.CODICE_FISCALE
JOIN 
    PERSONA ON MEDICO.CODICE_FISCALE = PERSONA.CODICE_FISCALE
ORDER BY 
    TURNO_PROGRAMMATO.GIORNO ASC, TURNO_PROGRAMMATO.ORA_INIZIO ASC;

CREATE OR REPLACE VIEW VISTA_REGISTRO_VISITE AS
SELECT 
    VISITA.GIORNO_VISITA,
    VISITA.ORA_INGRESSO,
    VISITA.ORA_USCITA,
    PERSONA_PARENTE.NOME AS NOME_PARENTE,
    PERSONA_PARENTE.COGNOME AS COGNOME_PARENTE,
    PERSONA_RESIDENTE.NOME AS NOME_RESIDENTE,
    PERSONA_RESIDENTE.COGNOME AS COGNOME_RESIDENTE
FROM 
    VISITA
JOIN 
    PARENTE ON VISITA.CODICE_FISCALE_PARENTE = PARENTE.CODICE_FISCALE
JOIN 
    PERSONA PERSONA_PARENTE ON PARENTE.CODICE_FISCALE = PERSONA_PARENTE.CODICE_FISCALE
JOIN 
    RESIDENTE ON VISITA.CODICE_FISCALE_RESIDENTE = RESIDENTE.CODICE_FISCALE_RESIDENTE
JOIN 
    PERSONA PERSONA_RESIDENTE ON RESIDENTE.CODICE_FISCALE_RESIDENTE = PERSONA_RESIDENTE.CODICE_FISCALE
ORDER BY 
    VISITA.GIORNO_VISITA DESC, VISITA.ORA_INGRESSO DESC;

CREATE OR REPLACE VIEW VISTA_PAI_ATTIVI AS
SELECT 
    PAI.CODICE_PAI,
    PERSONA.NOME,
    PERSONA.COGNOME,
    PAI.DATA_REDAZIONE,
    PAI.DATA_REVISIONE,
    PAI.DIAGNOSI
FROM 
    PAI
JOIN 
    RESIDENTE ON PAI.CODICE_FISCALE_RESIDENTE = RESIDENTE.CODICE_FISCALE_RESIDENTE
JOIN 
    PERSONA ON RESIDENTE.CODICE_FISCALE_RESIDENTE = PERSONA.CODICE_FISCALE
WHERE 
    PAI.DATA_DIMISSIONE IS NULL;

CREATE OR REPLACE VIEW VISTA_DISPONIBILITA_LETTI AS
SELECT 
    (SELECT NVL(SUM(LETTI_TOTALI), 0) FROM CAMERA) AS POSTI_TOTALI_STRUTTURA,
    (SELECT COUNT(*) FROM RESIDENTE) AS POSTI_OCCUPATI,
    (SELECT NVL(SUM(LETTI_TOTALI), 0) FROM CAMERA) - (SELECT COUNT(*) FROM RESIDENTE) AS POSTI_LIBERI
FROM DUAL;

CREATE OR REPLACE VIEW VISTA_RECEPTION_RESIDENTI AS
SELECT 
    RESIDENTE.CODICE_FISCALE_RESIDENTE,
    PERSONA.NOME,
    PERSONA.COGNOME,
    RESIDENTE.NUMERO_CAMERA
FROM 
    RESIDENTE
JOIN 
    PERSONA ON RESIDENTE.CODICE_FISCALE_RESIDENTE = PERSONA.CODICE_FISCALE;


CREATE ROLE AMMINISTRAZIONE;
CREATE ROLE MEDICO;
CREATE ROLE RECEPTIONIST;
CREATE ROLE OPERATORE_COORDINATORE;

GRANT SELECT, INSERT, UPDATE, DELETE ON PERSONA, RESIDENTE, PERSONALE, MEDICO, OPERATORE, CONTRATTO, CAMERA, REPARTO, PRENOTAZIONE TO AMMINISTRAZIONE;
GRANT SELECT, INSERT, UPDATE ON AZIENDA_ESTERNA, DITTA_PULIZIE, DITTA_RISTORANTE TO AMMINISTRAZIONE;
GRANT EXECUTE ON AMMETTI_RESIDENTE, ASSUMI_MEDICO, SPOSTA_RESIDENTE TO AMMINISTRAZIONE;
GRANT SELECT ON VISTA_RESIDENTI_ATTIVI, VISTA_MEDICI, VISTA_TURNI_MEDICI, VISTA_DISPONIBILITA_LETTI TO AMMINISTRAZIONE;

GRANT SELECT ON PERSONA, RESIDENTE, CAMERA, FARMACO, MALATTIA TO MEDICO;
GRANT SELECT, INSERT, UPDATE ON PAI, SOFFRE, ASSUME, TRATTAMENTO, NECESSITA, CONSULENZA, EFFETTUA, RICEVE TO MEDICO;
GRANT EXECUTE ON REGISTRA_CONSULENZA TO MEDICO;
GRANT SELECT ON VISTA_TERAPIE_FARMACI, VISTA_PAI_ATTIVI TO MEDICO;

GRANT SELECT ON PARENTE TO RECEPTIONIST;
GRANT SELECT, INSERT, UPDATE ON VISITA TO RECEPTIONIST;
GRANT EXECUTE ON CONTROLLO_RESIDENTE, REGISTRA_INGRESSO_VISITA, REGISTRA_USCITA_VISITA TO RECEPTIONIST;
GRANT SELECT ON VISTA_RECEPTION_RESIDENTI, VISTA_REGISTRO_VISITE TO RECEPTIONIST;

GRANT SELECT ON PERSONA, RESIDENTE, PERSONALE, MEDICO, OPERATORE, CAMERA, REPARTO TO COORDINATORE;
GRANT SELECT, INSERT, UPDATE, DELETE ON AZIENDA_ESTERNA, DITTA_PULIZIE, DITTA_RISTORANTE, PULISCE, FORNISCE, DIETA TO COORDINATORE;
GRANT SELECT, INSERT, UPDATE, DELETE ON TURNO_PROGRAMMATO, TURNO_EFFETTUATO TO COORDINATORE;
GRANT SELECT ON VISTA_TURNI_MEDICI, VISTA_MEDICI TO OPERATORE_COORDINATORE;

CREATE USER "MARIO ROSSI" IDENTIFIED BY admin_2026;
CREATE USER "MARIANNA PETRAZZUOLO" IDENTIFIED BY medico_2026;
CREATE USER "LAURA AZZURRA" IDENTIFIED BY reception_2026;
CREATE USER "ANDREA DI PERUGIA" IDENTIFIED BY coord_2026;

GRANT AMMINISTRAZIONE TO "MARIO ROSSI";
GRANT MEDICO TO "MARIANNA PETRAZZUOLO";
GRANT RECEPTIONIST TO "LAURA AZZURRA";
GRANT OPERATORE_COORDINATORE TO "ANDREA DI PERUGIA";
