INSERT INTO PERSONA (CODICE_FISCALE, NOME, COGNOME, DATA_NASCITA)
VALUES ('RSSMRA85M15H501Z', 'Marco', 'Rossi', TO_DATE('1985-08-15', 'YYYY-MM-DD'));

INSERT INTO PERSONA (CODICE_FISCALE, NOME, COGNOME, DATA_NASCITA)
VALUES ('BNCLRA90T42F205K', 'Laura', 'Bianchi', TO_DATE('1990-12-02', 'YYYY-MM-DD'));

INSERT INTO PERSONA (CODICE_FISCALE, NOME, COGNOME, DATA_NASCITA)
VALUES ('VRDGNN40A01A182S', 'Giovanni', 'Verdi', TO_DATE('1940-01-01', 'YYYY-MM-DD'));

INSERT INTO PERSONA (CODICE_FISCALE, NOME, COGNOME, DATA_NASCITA)
VALUES ('PLLMRC35E20L781N', 'Mario', 'Pellegrini', TO_DATE('1935-05-20', 'YYYY-MM-DD'));

INSERT INTO PERSONA (CODICE_FISCALE, NOME, COGNOME, DATA_NASCITA)
VALUES ('FRRNNA42C65H702W', 'Anna', 'Ferrari', TO_DATE('1942-03-15', 'YYYY-MM-DD'));

INSERT INTO PERSONA (CODICE_FISCALE, NOME, COGNOME, DATA_NASCITA)
VALUES ('NTNLGI50M10B413T', 'Luigi', 'Natalini', TO_DATE('1950-10-10', 'YYYY-MM-DD'));

INSERT INTO PERSONA (CODICE_FISCALE, NOME, COGNOME, DATA_NASCITA)
VALUES ('CLRGPP75P08F839R', 'Giuseppe', 'Colombo', TO_DATE('1975-09-08', 'YYYY-MM-DD'));

INSERT INTO PERSONA (CODICE_FISCALE, NOME, COGNOME, DATA_NASCITA)
VALUES ('MNTNGL88A55C351Q', 'Angela', 'Montanari', TO_DATE('1988-01-15', 'YYYY-MM-DD'));

INSERT INTO PERSONA (CODICE_FISCALE, NOME, COGNOME, DATA_NASCITA)
VALUES ('RSSLSE38D70H702P', 'Luisa', 'Rossi', TO_DATE('1938-04-10', 'YYYY-MM-DD'));

INSERT INTO PERSONA (CODICE_FISCALE, NOME, COGNOME, DATA_NASCITA)
VALUES ('BRTNTN45H20M219O', 'Antonio', 'Bertini', TO_DATE('1945-07-20', 'YYYY-MM-DD'));

INSERT INTO PERSONA (CODICE_FISCALE, NOME, COGNOME, DATA_NASCITA)
VALUES ('DVLMRC80L15R781U', 'Marco', 'Davoli', TO_DATE('1980-11-15', 'YYYY-MM-DD'));

INSERT INTO PERSONA (CODICE_FISCALE, NOME, COGNOME, DATA_NASCITA)
VALUES ('GRSSRN92F25H501V', 'Serena', 'Greco', TO_DATE('1992-06-25', 'YYYY-MM-DD'));

INSERT INTO PERSONALE (CODICE_FISCALE) VALUES ('RSSMRA85M15H501Z');
INSERT INTO PERSONALE (CODICE_FISCALE) VALUES ('BNCLRA90T42F205K');
INSERT INTO PERSONALE (CODICE_FISCALE) VALUES ('CLRGPP75P08F839R');
INSERT INTO PERSONALE (CODICE_FISCALE) VALUES ('MNTNGL88A55C351Q');
INSERT INTO PERSONALE (CODICE_FISCALE) VALUES ('DVLMRC80L15R781U');
INSERT INTO PERSONALE (CODICE_FISCALE) VALUES ('GRSSRN92F25H501V');

INSERT INTO PARENTE (CODICE_FISCALE) VALUES ('NTNLGI50M10B413T');
INSERT INTO PARENTE (CODICE_FISCALE) VALUES ('RSSLSE38D70H702P');
INSERT INTO PARENTE (CODICE_FISCALE) VALUES ('BRTNTN45H20M219O');

INSERT INTO TUTORE (CODICE_FISCALE) VALUES ('NTNLGI50M10B413T');
INSERT INTO TUTORE (CODICE_FISCALE) VALUES ('BRTNTN45H20M219O');

INSERT INTO CONTRATTO (CODICE_CONTRATTO, PAGA_ORARIA, TIPO_CONTRATTO, TASSA_DETRAZIONE, CODICE_FISCALE_PERSONALE)
VALUES (1, 25.50, 'Tempo Indeterminato', 12.00, 'RSSMRA85M15H501Z');

INSERT INTO CONTRATTO (CODICE_CONTRATTO, PAGA_ORARIA, TIPO_CONTRATTO, TASSA_DETRAZIONE, CODICE_FISCALE_PERSONALE)
VALUES (2, 22.00, 'Tempo Determinato', 10.50, 'BNCLRA90T42F205K');

INSERT INTO CONTRATTO (CODICE_CONTRATTO, PAGA_ORARIA, TIPO_CONTRATTO, TASSA_DETRAZIONE, CODICE_FISCALE_PERSONALE)
VALUES (3, 28.75, 'Tempo Indeterminato', 13.00, 'CLRGPP75P08F839R');

INSERT INTO CONTRATTO (CODICE_CONTRATTO, PAGA_ORARIA, TIPO_CONTRATTO, TASSA_DETRAZIONE, CODICE_FISCALE_PERSONALE)
VALUES (4, 20.00, 'Part Time', 9.00, 'MNTNGL88A55C351Q');

INSERT INTO OPERATORE (CODICE_FISCALE) VALUES ('DVLMRC80L15R781U');
INSERT INTO OPERATORE (CODICE_FISCALE) VALUES ('GRSSRN92F25H501V');

INSERT INTO MEDICO (CODICE_FISCALE, CODICE_CONTRATTO) VALUES ('RSSMRA85M15H501Z', 1);
INSERT INTO MEDICO (CODICE_FISCALE, CODICE_CONTRATTO) VALUES ('BNCLRA90T42F205K', 2);
INSERT INTO MEDICO (CODICE_FISCALE, CODICE_CONTRATTO) VALUES ('CLRGPP75P08F839R', 3);

INSERT INTO REPARTO (CODICE_REPARTO, NOME_REPARTO, CODICE_RESPONSABILE)
VALUES ('REP001', 'Geriatria', 'RSSMRA85M15H501Z');

INSERT INTO REPARTO (CODICE_REPARTO, NOME_REPARTO, CODICE_RESPONSABILE)
VALUES ('REP002', 'Cardiologia', 'BNCLRA90T42F205K');

INSERT INTO REPARTO (CODICE_REPARTO, NOME_REPARTO, CODICE_RESPONSABILE)
VALUES ('REP003', 'Neurologia', 'CLRGPP75P08F839R');

INSERT INTO CAMERA (NUMERO_CAMERA, PIANO, LETTI_TOTALI, CODICE_REPARTO)
VALUES (101, 1, 2, 'REP001');

INSERT INTO CAMERA (NUMERO_CAMERA, PIANO, LETTI_TOTALI, CODICE_REPARTO)
VALUES (102, 1, 2, 'REP001');

INSERT INTO CAMERA (NUMERO_CAMERA, PIANO, LETTI_TOTALI, CODICE_REPARTO)
VALUES (201, 2, 1, 'REP002');

INSERT INTO CAMERA (NUMERO_CAMERA, PIANO, LETTI_TOTALI, CODICE_REPARTO)
VALUES (202, 2, 3, 'REP002');

INSERT INTO CAMERA (NUMERO_CAMERA, PIANO, LETTI_TOTALI, CODICE_REPARTO)
VALUES (301, 3, 2, 'REP003');

INSERT INTO RESIDENTE (CODICE_FISCALE, NUMERO_CAMERA) VALUES ('VRDGNN40A01A182S', 101);
INSERT INTO RESIDENTE (CODICE_FISCALE, NUMERO_CAMERA) VALUES ('PLLMRC35E20L781N', 102);
INSERT INTO RESIDENTE (CODICE_FISCALE, NUMERO_CAMERA) VALUES ('FRRNNA42C65H702W', 201);
INSERT INTO RESIDENTE (CODICE_FISCALE, NUMERO_CAMERA) VALUES ('NTNLGI50M10B413T', 202);
INSERT INTO RESIDENTE (CODICE_FISCALE, NUMERO_CAMERA) VALUES ('RSSLSE38D70H702P', 301);

INSERT INTO MALATTIA (CODICE, DESCRIZIONE, NOME, LIVELLO)
VALUES ('MAL001', 'Patologia cronica degenerativa del sistema nervoso', 'Alzheimer', 'Grave');

INSERT INTO MALATTIA (CODICE, DESCRIZIONE, NOME, LIVELLO)
VALUES ('MAL002', 'Patologia cardiovascolare cronica', 'Insufficienza Cardiaca', 'Moderata');

INSERT INTO MALATTIA (CODICE, DESCRIZIONE, NOME, LIVELLO)
VALUES ('MAL003', 'Patologia metabolica', 'Diabete Tipo 2', 'Lieve');

INSERT INTO MALATTIA (CODICE, DESCRIZIONE, NOME, LIVELLO)
VALUES ('MAL004', 'Patologia neurologica cronica', 'Parkinson', 'Moderata');

INSERT INTO FARMACO (CODICE_FARMACO, DOSE, NOME, FASCIA_ORARIA)
VALUES ('FARM001', 10, 'Donepezilo', 'Mattina');

INSERT INTO FARMACO (CODICE_FARMACO, DOSE, NOME, FASCIA_ORARIA)
VALUES ('FARM002', 5, 'Ramipril', 'Mattina');

INSERT INTO FARMACO (CODICE_FARMACO, DOSE, NOME, FASCIA_ORARIA)
VALUES ('FARM003', 500, 'Metformina', 'Pranzo');

INSERT INTO FARMACO (CODICE_FARMACO, DOSE, NOME, FASCIA_ORARIA)
VALUES ('FARM004', 25, 'Levodopa', 'Sera');

INSERT INTO FARMACO (CODICE_FARMACO, DOSE, NOME, FASCIA_ORARIA)
VALUES ('FARM005', 100, 'Aspirina', 'Mattina');

INSERT INTO TRATTAMENTO (CODICE_TRATTAMENTO, RAGGIUNTO, ESITO, OBIETTIVO)
VALUES ('TRAT001', 'S', 'Miglioramento cognitivo documentato', 'Stabilizzare le funzioni cognitive');

INSERT INTO TRATTAMENTO (CODICE_TRATTAMENTO, RAGGIUNTO, ESITO, OBIETTIVO)
VALUES ('TRAT002', 'N', NULL, 'Ridurre la pressione arteriosa');

INSERT INTO TRATTAMENTO (CODICE_TRATTAMENTO, RAGGIUNTO, ESITO, OBIETTIVO)
VALUES ('TRAT003', 'S', 'Glicemia stabilizzata', 'Mantenere glicemia sotto 180');

INSERT INTO TRATTAMENTO (CODICE_TRATTAMENTO, RAGGIUNTO, ESITO, OBIETTIVO)
VALUES ('TRAT004', 'N', NULL, 'Ridurre i tremori parkinsoniani');

INSERT INTO SOFFRE (CODICE, CODICE_FISCALE) VALUES ('MAL001', 'VRDGNN40A01A182S');
INSERT INTO SOFFRE (CODICE, CODICE_FISCALE) VALUES ('MAL002', 'PLLMRC35E20L781N');
INSERT INTO SOFFRE (CODICE, CODICE_FISCALE) VALUES ('MAL003', 'FRRNNA42C65H702W');
INSERT INTO SOFFRE (CODICE, CODICE_FISCALE) VALUES ('MAL004', 'RSSLSE38D70H702P');
INSERT INTO SOFFRE (CODICE, CODICE_FISCALE) VALUES ('MAL002', 'NTNLGI50M10B413T');

INSERT INTO ASSUME (CODICE_FARMACO, CODICE_FISCALE) VALUES ('FARM001', 'VRDGNN40A01A182S');
INSERT INTO ASSUME (CODICE_FARMACO, CODICE_FISCALE) VALUES ('FARM002', 'PLLMRC35E20L781N');
INSERT INTO ASSUME (CODICE_FARMACO, CODICE_FISCALE) VALUES ('FARM003', 'FRRNNA42C65H702W');
INSERT INTO ASSUME (CODICE_FARMACO, CODICE_FISCALE) VALUES ('FARM004', 'RSSLSE38D70H702P');
INSERT INTO ASSUME (CODICE_FARMACO, CODICE_FISCALE) VALUES ('FARM005', 'NTNLGI50M10B413T');

INSERT INTO PAI (CODICE_PAI, CODICE_FISCALE_RESIDENTE, DATA_REDAZIONE, DATA_REVISIONE, DIAGNOSI, DATA_DIMISSIONE)
VALUES ('PAI001', 'VRDGNN40A01A182S', TO_DATE('2025-01-15', 'YYYY-MM-DD'), TO_DATE('2025-06-15', 'YYYY-MM-DD'),
        'Alzheimer in fase media. Necessita assistenza continua per attivita quotidiane.', NULL);

INSERT INTO PAI (CODICE_PAI, CODICE_FISCALE_RESIDENTE, DATA_REDAZIONE, DATA_REVISIONE, DIAGNOSI, DATA_DIMISSIONE)
VALUES ('PAI002', 'PLLMRC35E20L781N', TO_DATE('2025-02-20', 'YYYY-MM-DD'), TO_DATE('2025-08-20', 'YYYY-MM-DD'),
        'Insufficienza cardiaca compensata. Monitoraggio costante parametri vitali.', NULL);

INSERT INTO PAI (CODICE_PAI, CODICE_FISCALE_RESIDENTE, DATA_REDAZIONE, DATA_REVISIONE, DIAGNOSI, DATA_DIMISSIONE)
VALUES ('PAI003', 'FRRNNA42C65H702W', TO_DATE('2025-03-10', 'YYYY-MM-DD'), NULL,
        'Diabete tipo 2 con terapia insulinica. Controllo glicemico regolare.', NULL);

INSERT INTO PAI (CODICE_PAI, CODICE_FISCALE_RESIDENTE, DATA_REDAZIONE, DATA_REVISIONE, DIAGNOSI, DATA_DIMISSIONE)
VALUES ('PAI004', 'RSSLSE38D70H702P', TO_DATE('2025-04-05', 'YYYY-MM-DD'), NULL,
        'Parkinson precoce. Fisioterapia e riabilitazione motoria.', NULL);

INSERT INTO NECESSITA (CODICE_TRATTAMENTO, CODICE_PAI) VALUES ('TRAT001', 'PAI001');
INSERT INTO NECESSITA (CODICE_TRATTAMENTO, CODICE_PAI) VALUES ('TRAT002', 'PAI002');
INSERT INTO NECESSITA (CODICE_TRATTAMENTO, CODICE_PAI) VALUES ('TRAT003', 'PAI003');
INSERT INTO NECESSITA (CODICE_TRATTAMENTO, CODICE_PAI) VALUES ('TRAT004', 'PAI004');

INSERT INTO AZIENDA_ESTERNA (PARTITA_IVA, EMAIL, NUMERO_DI_TELEFONO, PEC, NOME_AZIENDA, CODICE_FISCALE_OPERATORE)
VALUES ('12345678901', 'info@alphaclean.it', '+390212345678', 'alphaclean@pec.it', 'AlphaClean Srl', 'DVLMRC80L15R781U');

INSERT INTO AZIENDA_ESTERNA (PARTITA_IVA, EMAIL, NUMERO_DI_TELEFONO, PEC, NOME_AZIENDA, CODICE_FISCALE_OPERATORE)
VALUES ('98765432109', 'info@medsupply.it', '+390687654321', 'medsupply@pec.it', 'MedSupply SpA', 'GRSSRN92F25H501V');

INSERT INTO AZIENDA_ESTERNA (PARTITA_IVA, EMAIL, NUMERO_DI_TELEFONO, PEC, NOME_AZIENDA, CODICE_FISCALE_OPERATORE)
VALUES ('56789012345', 'info@nutrirest.it', '+390554321098', 'nutrirest@pec.it', 'NutriRest Srl', 'DVLMRC80L15R781U');

INSERT INTO AZIENDA_ESTERNA (PARTITA_IVA, EMAIL, NUMERO_DI_TELEFONO, PEC, NOME_AZIENDA, CODICE_FISCALE_OPERATORE)
VALUES ('11223344556', 'info@bioclean.it', '+390551122333', 'bioclean@pec.it', 'BioClean SpA', 'DVLMRC80L15R781U');

INSERT INTO AZIENDA_ESTERNA (PARTITA_IVA, EMAIL, NUMERO_DI_TELEFONO, PEC, NOME_AZIENDA, CODICE_FISCALE_OPERATORE)
VALUES ('22334455667', 'info@farmadistrib.it', '+390552233444', 'farmadistrib@pec.it', 'FarmaDistrib Srl', 'GRSSRN92F25H501V');

INSERT INTO DITTA (PARTITA_IVA, NOME, TIPOLOGIA, NOTA)
VALUES ('12345678901', 'AlphaClean Srl', 'Pulizie', 'Servizi di pulizia e sanificazione strutture sanitarie');

INSERT INTO DITTA (PARTITA_IVA, NOME, TIPOLOGIA, NOTA)
VALUES ('56789012345', 'NutriRest Srl', 'Ristorazione', 'Catering per strutture residenziali e RSA');

INSERT INTO DITTA (PARTITA_IVA, NOME, TIPOLOGIA, NOTA)
VALUES ('11223344556', 'BioClean SpA', 'Pulizie', 'Igiene e sanificazione ambienti clinici');

INSERT INTO FORNITORE (PARTITA_IVA, P_IVA, NOME) VALUES ('98765432109', '98765432109', 'MedSupply SpA');

INSERT INTO FORNITORE (PARTITA_IVA, P_IVA, NOME) VALUES ('22334455667', '22334455667', 'FarmaDistrib Srl');

INSERT INTO DITTA_PULIZIA (PARTITA_IVA) VALUES ('12345678901');
INSERT INTO DITTA_PULIZIA (PARTITA_IVA) VALUES ('11223344556');

INSERT INTO DITTA_RISTORANTE (PARTITA_IVA) VALUES ('56789012345');

INSERT INTO FORNISCE (PARTITA_IVA, NUMERO_CAMERA) VALUES ('98765432109', 101);
INSERT INTO FORNISCE (PARTITA_IVA, NUMERO_CAMERA) VALUES ('98765432109', 102);
INSERT INTO FORNISCE (PARTITA_IVA, NUMERO_CAMERA) VALUES ('22334455667', 201);
INSERT INTO FORNISCE (PARTITA_IVA, NUMERO_CAMERA) VALUES ('22334455667', 301);

INSERT INTO PULISCE (NUMERO_CAMERA, PARTITA_IVA) VALUES (101, '12345678901');
INSERT INTO PULISCE (NUMERO_CAMERA, PARTITA_IVA) VALUES (102, '12345678901');
INSERT INTO PULISCE (NUMERO_CAMERA, PARTITA_IVA) VALUES (201, '11223344556');
INSERT INTO PULISCE (NUMERO_CAMERA, PARTITA_IVA) VALUES (301, '12345678901');

INSERT INTO DOCUMENTO (CODICE_PRENOTAZIONE, DATA_DOC, PARTITA_IVA)
VALUES ('DOC001', TO_DATE('2025-06-01', 'YYYY-MM-DD'), '56789012345');

INSERT INTO DOCUMENTO (CODICE_PRENOTAZIONE, DATA_DOC, PARTITA_IVA)
VALUES ('DOC002', TO_DATE('2025-06-15', 'YYYY-MM-DD'), '56789012345');

INSERT INTO DOCUMENTO (CODICE_PRENOTAZIONE, DATA_DOC, PARTITA_IVA)
VALUES ('DOC003', TO_DATE('2025-06-20', 'YYYY-MM-DD'), '56789012345');

INSERT INTO ENTE (PARTITA_IVA, ENTE_EROGAZIONE) VALUES ('99999999999', 'ASL 1');

INSERT INTO ENTE (PARTITA_IVA, ENTE_EROGAZIONE) VALUES ('88888888888', 'AUSL 2');

INSERT INTO ENTE (PARTITA_IVA, ENTE_EROGAZIONE) VALUES ('77777777777', 'ATS 3');

INSERT INTO PRENOTAZIONE (CODICE_PRENOTAZIONE, DESCRIZIONE_DIETA, DATA_PRENOTAZIONE, CODICE_FISCALE_TUTOR, DATA_DIMISSIONE, NUMERO_CAMERA)
VALUES ('PRN001', 'Dieta ipocalorica, senza glutine, 1800 kcal/giorno', TO_DATE('2025-06-01', 'YYYY-MM-DD'),
        'NTNLGI50M10B413T', NULL, 202);

INSERT INTO PRENOTAZIONE (CODICE_PRENOTAZIONE, DESCRIZIONE_DIETA, DATA_PRENOTAZIONE, CODICE_FISCALE_TUTOR, DATA_DIMISSIONE, NUMERO_CAMERA)
VALUES ('PRN002', 'Dieta cardiologica, basso contenuto di sodio', TO_DATE('2025-06-05', 'YYYY-MM-DD'),
        'BRTNTN45H20M219O', NULL, 201);

INSERT INTO PRENOTAZIONE (CODICE_PRENOTAZIONE, DESCRIZIONE_DIETA, DATA_PRENOTAZIONE, CODICE_FISCALE_TUTOR, DATA_DIMISSIONE, NUMERO_CAMERA)
VALUES ('PRN003', 'Dieta diabetica, indice glicemico controllato', TO_DATE('2025-06-10', 'YYYY-MM-DD'),
        'NTNLGI50M10B413T', NULL, 101);

INSERT INTO TURNO_PROGRAMMATO (ORA_INIZIO, ORA_FINE, GIORNO, CODICE_FISCALE, FASCIA_ORARIA)
VALUES ('06:00', '14:00', TO_DATE('2025-06-25', 'YYYY-MM-DD'), 'MNTNGL88A55C351Q', 'Mattina');

INSERT INTO TURNO_PROGRAMMATO (ORA_INIZIO, ORA_FINE, GIORNO, CODICE_FISCALE, FASCIA_ORARIA)
VALUES ('14:00', '22:00', TO_DATE('2025-06-25', 'YYYY-MM-DD'), 'DVLMRC80L15R781U', 'Pomeriggio');

INSERT INTO TURNO_PROGRAMMATO (ORA_INIZIO, ORA_FINE, GIORNO, CODICE_FISCALE, FASCIA_ORARIA)
VALUES ('22:00', '06:00', TO_DATE('2025-06-25', 'YYYY-MM-DD'), 'GRSSRN92F25H501V', 'Notte');

INSERT INTO TURNO_PROGRAMMATO (ORA_INIZIO, ORA_FINE, GIORNO, CODICE_FISCALE, FASCIA_ORARIA)
VALUES ('06:00', '14:00', TO_DATE('2025-06-26', 'YYYY-MM-DD'), 'MNTNGL88A55C351Q', 'Mattina');

INSERT INTO TURNO_EFFETTUATO (ORA_INIZIO, ORA_FINE, GIORNO, CODICE_FISCALE)
VALUES ('06:00', '14:00', TO_DATE('2025-06-25', 'YYYY-MM-DD'), 'MNTNGL88A55C351Q');

INSERT INTO TURNO_EFFETTUATO (ORA_INIZIO, ORA_FINE, GIORNO, CODICE_FISCALE)
VALUES ('14:00', '22:00', TO_DATE('2025-06-25', 'YYYY-MM-DD'), 'DVLMRC80L15R781U');

INSERT INTO TURNO_EFFETTUATO (ORA_INIZIO, ORA_FINE, GIORNO, CODICE_FISCALE)
VALUES ('22:00', '06:00', TO_DATE('2025-06-25', 'YYYY-MM-DD'), 'GRSSRN92F25H501V');

INSERT INTO VISITA (CODICE_FISCALE, GIORNO_VISITA, ORA_INGRESSO, ORA_USCITA, CODICE_FISCALE_1)
VALUES ('NTNLGI50M10B413T', TO_DATE('2025-06-25', 'YYYY-MM-DD'), '10:00', '12:00', 'FRRNNA42C65H702W');

INSERT INTO VISITA (CODICE_FISCALE, GIORNO_VISITA, ORA_INGRESSO, ORA_USCITA, CODICE_FISCALE_1)
VALUES ('RSSLSE38D70H702P', TO_DATE('2025-06-25', 'YYYY-MM-DD'), '14:00', '16:30', 'VRDGNN40A01A182S');

INSERT INTO VISITA (CODICE_FISCALE, GIORNO_VISITA, ORA_INGRESSO, ORA_USCITA, CODICE_FISCALE_1)
VALUES ('BRTNTN45H20M219O', TO_DATE('2025-06-26', 'YYYY-MM-DD'), '09:00', '11:00', 'PLLMRC35E20L781N');

INSERT INTO CONSULENZA (DATA_CONSULENZA, NOTE_CONSULENZ)
VALUES (TO_DATE('2025-06-10', 'YYYY-MM-DD'), 'Controllo periodico residente camera 101. Parametri stabili.');

INSERT INTO CONSULENZA (DATA_CONSULENZA, NOTE_CONSULENZ)
VALUES (TO_DATE('2025-06-15', 'YYYY-MM-DD'), 'Valutazione terapia cardiologica. Da rivalutare dopo 30 giorni.');

INSERT INTO CONSULENZA (DATA_CONSULENZA, NOTE_CONSULENZ)
VALUES (TO_DATE('2025-06-20', 'YYYY-MM-DD'), 'Revisione PAI residente camera 301. Aggiornamento obiettivi.');

INSERT INTO RICEVE (CODICE_FISCALE, DATA_CONSULENZA) VALUES ('VRDGNN40A01A182S', TO_DATE('2025-06-10', 'YYYY-MM-DD'));
INSERT INTO RICEVE (CODICE_FISCALE, DATA_CONSULENZA) VALUES ('PLLMRC35E20L781N', TO_DATE('2025-06-15', 'YYYY-MM-DD'));
INSERT INTO RICEVE (CODICE_FISCALE, DATA_CONSULENZA) VALUES ('RSSLSE38D70H702P', TO_DATE('2025-06-20', 'YYYY-MM-DD'));

INSERT INTO EFFETTUA (DATA_CONSULENZA, CODICE_FISCALE) VALUES (TO_DATE('2025-06-10', 'YYYY-MM-DD'), 'RSSMRA85M15H501Z');
INSERT INTO EFFETTUA (DATA_CONSULENZA, CODICE_FISCALE) VALUES (TO_DATE('2025-06-15', 'YYYY-MM-DD'), 'BNCLRA90T42F205K');
INSERT INTO EFFETTUA (DATA_CONSULENZA, CODICE_FISCALE) VALUES (TO_DATE('2025-06-20', 'YYYY-MM-DD'), 'CLRGPP75P08F839R');

COMMIT;
