INSERT INTO PERSONA (CODICE_FISCALE, NOME, COGNOME, DATA_NASCITA)
VALUES ('RSSMRA85M01H501U', 'Mario', 'Rossi', DATE '1985-08-01');
INSERT INTO PERSONA (CODICE_FISCALE, NOME, COGNOME, DATA_NASCITA)
VALUES ('BNCLRA92D45F205V', 'Laura', 'Bianchi', DATE '1992-04-05');
INSERT INTO PERSONA (CODICE_FISCALE, NOME, COGNOME, DATA_NASCITA)
VALUES ('VRDGPP80T12G888Y', 'Giuseppe', 'Verdi', DATE '1980-12-12');
INSERT INTO PERSONA (CODICE_FISCALE, NOME, COGNOME, DATA_NASCITA)
VALUES ('NGRFNC75L14L736X', 'Francesca', 'Neri', DATE '1975-07-14');
INSERT INTO PERSONA (CODICE_FISCALE, NOME, COGNOME, DATA_NASCITA)
VALUES ('PLRGNN60A01H501Q', 'Giovanna', 'Palladio', DATE '1960-01-01');
INSERT INTO PERSONA (CODICE_FISCALE, NOME, COGNOME, DATA_NASCITA)
VALUES ('RSSMRA55M15H501B', 'Anna', 'Rossi', DATE '1955-08-15');
INSERT INTO PERSONA (CODICE_FISCALE, NOME, COGNOME, DATA_NASCITA)
VALUES ('BNCVRD78E22F205C', 'Carlo', 'Bianco', DATE '1978-05-22');
INSERT INTO PERSONA (CODICE_FISCALE, NOME, COGNOME, DATA_NASCITA)
VALUES ('VRDLSN90P10L736P', 'Silvia', 'Verdi', DATE '1990-09-10');
INSERT INTO PERSONA (CODICE_FISCALE, NOME, COGNOME, DATA_NASCITA)
VALUES ('GRSMTT70B15G888M', 'Matteo', 'Grassi', DATE '1970-02-15');
INSERT INTO PERSONA (CODICE_FISCALE, NOME, COGNOME, DATA_NASCITA)
VALUES ('FRLGNN95C20H501X', 'Gianni', 'Ferri', DATE '1995-03-20');
INSERT INTO PERSONA (CODICE_FISCALE, NOME, COGNOME, DATA_NASCITA)
VALUES ('CNTRRT88L04F205Z', 'Roberto', 'Conti', DATE '1988-07-04');
INSERT INTO PERSONA (CODICE_FISCALE, NOME, COGNOME, DATA_NASCITA)
VALUES ('BNCSTF72N01L736W', 'Stefano', 'Bianchini', DATE '1972-01-01');
INSERT INTO PERSONA (CODICE_FISCALE, NOME, COGNOME, DATA_NASCITA)
VALUES ('LLIMNL82P30H501K', 'Manuela', 'Galli', DATE '1982-09-30');
INSERT INTO PERSONA (CODICE_FISCALE, NOME, COGNOME, DATA_NASCITA)
VALUES ('SRSLRA65E15F205T', 'Lara', 'Soresi', DATE '1965-05-15');
INSERT INTO PERSONA (CODICE_FISCALE, NOME, COGNOME, DATA_NASCITA)
VALUES ('MNNPLC50A01G888N', 'Elena', 'Manni', DATE '1950-01-01');
INSERT INTO PERSONA (CODICE_FISCALE, NOME, COGNOME, DATA_NASCITA)
VALUES ('FBRMRC88D23H501Y', 'Marco', 'Fabbri', DATE '1988-04-23');
INSERT INTO PERSONA (CODICE_FISCALE, NOME, COGNOME, DATA_NASCITA)
VALUES ('GLLLSN95S17L736P', 'Alessandra', 'Gallo', DATE '1995-11-17');
INSERT INTO PERSONA (CODICE_FISCALE, NOME, COGNOME, DATA_NASCITA)
VALUES ('PLLMRC81T12F205J', 'Enrico', 'Poli', DATE '1981-12-12');
INSERT INTO PERSONA (CODICE_FISCALE, NOME, COGNOME, DATA_NASCITA)
VALUES ('VTLCRL70A01H501B', 'Carolina', 'Vitelli', DATE '1970-01-01');
INSERT INTO PERSONA (CODICE_FISCALE, NOME, COGNOME, DATA_NASCITA)
VALUES ('CTNTNZ90E22G888Z', 'Lorenzo', 'Catena', DATE '1990-05-22');

INSERT INTO PERSONALE (CODICE_FISCALE)
VALUES ('RSSMRA85M01H501U');
INSERT INTO PERSONALE (CODICE_FISCALE)
VALUES ('BNCLRA92D45F205V');
INSERT INTO PERSONALE (CODICE_FISCALE)
VALUES ('VRDGPP80T12G888Y');
INSERT INTO PERSONALE (CODICE_FISCALE)
VALUES ('NGRFNC75L14L736X');
INSERT INTO PERSONALE (CODICE_FISCALE)
VALUES ('BNCVRD78E22F205C');
INSERT INTO PERSONALE (CODICE_FISCALE)
VALUES ('VRDLSN90P10L736P');
INSERT INTO PERSONALE (CODICE_FISCALE)
VALUES ('GRSMTT70B15G888M');
INSERT INTO PERSONALE (CODICE_FISCALE)
VALUES ('FRLGNN95C20H501X');
INSERT INTO PERSONALE (CODICE_FISCALE)
VALUES ('CNTRRT88L04F205Z');
INSERT INTO PERSONALE (CODICE_FISCALE)
VALUES ('BNCSTF72N01L736W');

INSERT INTO PARENTE (CODICE_FISCALE)
VALUES ('FBRMRC88D23H501Y');
INSERT INTO PARENTE (CODICE_FISCALE)
VALUES ('GLLLSN95S17L736P');
INSERT INTO PARENTE (CODICE_FISCALE)
VALUES ('PLLMRC81T12F205J');
INSERT INTO PARENTE (CODICE_FISCALE)
VALUES ('CTNTNZ90E22G888Z');
INSERT INTO PARENTE (CODICE_FISCALE)
VALUES ('LLIMNL82P30H501K');

INSERT INTO TUTORE (CODICE_FISCALE)
VALUES ('LLIMNL82P30H501K');
INSERT INTO TUTORE (CODICE_FISCALE)
VALUES ('FBRMRC88D23H501Y');

INSERT INTO OPERATORE (CODICE_FISCALE)
VALUES ('BNCVRD78E22F205C');
INSERT INTO OPERATORE (CODICE_FISCALE)
VALUES ('VRDLSN90P10L736P');

INSERT INTO CONTRATTO (CODICE_CONTRATTO, TIPO_CONTRATTO, PAGA_ORARIA, TASSA_DETRATTA, CODICE_FISCALE_PERSONALE)
VALUES (1001, 'Tempo Indeterminato', 35.00, 0.22, 'RSSMRA85M01H501U');
INSERT INTO CONTRATTO (CODICE_CONTRATTO, TIPO_CONTRATTO, PAGA_ORARIA, TASSA_DETRATTA, CODICE_FISCALE_PERSONALE)
VALUES (1002, 'Tempo Indeterminato', 40.00, 0.25, 'BNCLRA92D45F205V');
INSERT INTO CONTRATTO (CODICE_CONTRATTO, TIPO_CONTRATTO, PAGA_ORARIA, TASSA_DETRATTA, CODICE_FISCALE_PERSONALE)
VALUES (1003, 'Tempo Determinato', 30.00, 0.20, 'VRDGPP80T12G888Y');
INSERT INTO CONTRATTO (CODICE_CONTRATTO, TIPO_CONTRATTO, PAGA_ORARIA, TASSA_DETRATTA, CODICE_FISCALE_PERSONALE)
VALUES (1004, 'Part-Time', 28.00, 0.20, 'NGRFNC75L14L736X');
INSERT INTO CONTRATTO (CODICE_CONTRATTO, TIPO_CONTRATTO, PAGA_ORARIA, TASSA_DETRATTA, CODICE_FISCALE_PERSONALE)
VALUES (1005, 'Tempo Indeterminato', 38.00, 0.24, 'GRSMTT70B15G888M');
INSERT INTO CONTRATTO (CODICE_CONTRATTO, TIPO_CONTRATTO, PAGA_ORARIA, TASSA_DETRATTA, CODICE_FISCALE_PERSONALE)
VALUES (1006, 'Tempo Determinato', 32.00, 0.21, 'FRLGNN95C20H501X');
INSERT INTO CONTRATTO (CODICE_CONTRATTO, TIPO_CONTRATTO, PAGA_ORARIA, TASSA_DETRATTA, CODICE_FISCALE_PERSONALE)
VALUES (1007, 'Tempo Indeterminato', 36.00, 0.23, 'CNTRRT88L04F205Z');
INSERT INTO CONTRATTO (CODICE_CONTRATTO, TIPO_CONTRATTO, PAGA_ORARIA, TASSA_DETRATTA, CODICE_FISCALE_PERSONALE)
VALUES (1008, 'Tempo Indeterminato', 45.00, 0.27, 'BNCSTF72N01L736W');

INSERT INTO MEDICO (CODICE_FISCALE, CODICE_CONTRATTO)
VALUES ('RSSMRA85M01H501U', 1001);
INSERT INTO MEDICO (CODICE_FISCALE, CODICE_CONTRATTO)
VALUES ('BNCLRA92D45F205V', 1002);
INSERT INTO MEDICO (CODICE_FISCALE, CODICE_CONTRATTO)
VALUES ('VRDGPP80T12G888Y', 1003);
INSERT INTO MEDICO (CODICE_FISCALE, CODICE_CONTRATTO)
VALUES ('NGRFNC75L14L736X', 1004);

INSERT INTO REPARTO (CODICE_REPARTO, NOME_REPARTO, CODICE_FISCALE_RESPONSABILE)
VALUES ('CARDIO', 'Cardiologia', 'RSSMRA85M01H501U');
INSERT INTO REPARTO (CODICE_REPARTO, NOME_REPARTO, CODICE_FISCALE_RESPONSABILE)
VALUES ('NEURO', 'Neurologia', 'BNCLRA92D45F205V');
INSERT INTO REPARTO (CODICE_REPARTO, NOME_REPARTO, CODICE_FISCALE_RESPONSABILE)
VALUES ('ORTOP', 'Ortopedia', 'VRDGPP80T12G888Y');
INSERT INTO REPARTO (CODICE_REPARTO, NOME_REPARTO, CODICE_FISCALE_RESPONSABILE)
VALUES ('GERIA', 'Geriatria', 'NGRFNC75L14L736X');

INSERT INTO CAMERA (NUMERO_CAMERA, PIANO, LETTI_TOTALI, CODICE_REPARTO)
VALUES (101, 1, 2, 'GERIA');
INSERT INTO CAMERA (NUMERO_CAMERA, PIANO, LETTI_TOTALI, CODICE_REPARTO)
VALUES (102, 1, 2, 'GERIA');
INSERT INTO CAMERA (NUMERO_CAMERA, PIANO, LETTI_TOTALI, CODICE_REPARTO)
VALUES (103, 1, 1, 'GERIA');
INSERT INTO CAMERA (NUMERO_CAMERA, PIANO, LETTI_TOTALI, CODICE_REPARTO)
VALUES (104, 1, 1, 'GERIA');
INSERT INTO CAMERA (NUMERO_CAMERA, PIANO, LETTI_TOTALI, CODICE_REPARTO)
VALUES (201, 2, 4, 'CARDIO');
INSERT INTO CAMERA (NUMERO_CAMERA, PIANO, LETTI_TOTALI, CODICE_REPARTO)
VALUES (202, 2, 2, 'CARDIO');
INSERT INTO CAMERA (NUMERO_CAMERA, PIANO, LETTI_TOTALI, CODICE_REPARTO)
VALUES (203, 2, 3, 'NEURO');
INSERT INTO CAMERA (NUMERO_CAMERA, PIANO, LETTI_TOTALI, CODICE_REPARTO)
VALUES (301, 3, 2, 'ORTOP');
INSERT INTO CAMERA (NUMERO_CAMERA, PIANO, LETTI_TOTALI, CODICE_REPARTO)
VALUES (302, 3, 2, 'ORTOP');

INSERT INTO RESIDENTE (CODICE_FISCALE_RESIDENTE, NUMERO_CAMERA)
VALUES ('PLRGNN60A01H501Q', 101);
INSERT INTO RESIDENTE (CODICE_FISCALE_RESIDENTE, NUMERO_CAMERA)
VALUES ('RSSMRA55M15H501B', 101);
INSERT INTO RESIDENTE (CODICE_FISCALE_RESIDENTE, NUMERO_CAMERA)
VALUES ('SRSLRA65E15F205T', 102);
INSERT INTO RESIDENTE (CODICE_FISCALE_RESIDENTE, NUMERO_CAMERA)
VALUES ('MNNPLC50A01G888N', 103);
INSERT INTO RESIDENTE (CODICE_FISCALE_RESIDENTE, NUMERO_CAMERA)
VALUES ('VTLCRL70A01H501B', 104);

INSERT INTO MALATTIA (CODICE, NOME, DESCRIZIONE, LIVELLO)
VALUES ('DIA01', 'Diabete di Tipo 2', 'Disturbo metabolico caratterizzato da iperglicemia cronica', 'CRONICO');
INSERT INTO MALATTIA (CODICE, NOME, DESCRIZIONE, LIVELLO)
VALUES ('CAR01', 'Cardiopatia Ischemica', 'Ridotto apporto di sangue al cuore dovuto a stenosi coronariche', 'GRAVE');
INSERT INTO MALATTIA (CODICE, NOME, DESCRIZIONE, LIVELLO)
VALUES ('ART01', 'Artrite Reumatoide', 'Malattia infiammatoria cronica autoimmune delle articolazioni', 'CRONICO');
INSERT INTO MALATTIA (CODICE, NOME, DESCRIZIONE, LIVELLO)
VALUES ('ALZ01', 'Alzheimer', 'Malattia neurodegenerativa progressiva che causa demenza', 'GRAVE');
INSERT INTO MALATTIA (CODICE, NOME, DESCRIZIONE, LIVELLO)
VALUES ('IPO01', 'Ipotiroidismo', 'Produzione insufficiente di ormoni tiroidei', 'LIEVE');
INSERT INTO MALATTIA (CODICE, NOME, DESCRIZIONE, LIVELLO)
VALUES ('IPR01', 'Ipertensione Arteriosa', 'Pressione sanguigna persistentemente elevata', 'CRONICO');
INSERT INTO MALATTIA (CODICE, NOME, DESCRIZIONE, LIVELLO)
VALUES ('FRA01', 'Frattura del Femore', 'Frattura dell osso piu lungo del corpo umano', 'ACUTO');
INSERT INTO MALATTIA (CODICE, NOME, DESCRIZIONE, LIVELLO)
VALUES ('PAR01', 'Morbo di Parkinson', 'Malattia neurodegenerativa che colpisce il sistema motorio', 'GRAVE');

INSERT INTO FARMACO (CODICE_FARMACO, NOME, DOSE, FASCIA_ORARIA)
VALUES ('MET01', 'Metformina', 500, 'MATTUTINA');
INSERT INTO FARMACO (CODICE_FARMACO, NOME, DOSE, FASCIA_ORARIA)
VALUES ('RAA01', 'Ramipril', 5, 'MATTUTINA');
INSERT INTO FARMACO (CODICE_FARMACO, NOME, DOSE, FASCIA_ORARIA)
VALUES ('ATA01', 'Atorvastatina', 20, 'SERALE');
INSERT INTO FARMACO (CODICE_FARMACO, NOME, DOSE, FASCIA_ORARIA)
VALUES ('OME01', 'Omeprazolo', 20, 'MATTUTINA');
INSERT INTO FARMACO (CODICE_FARMACO, NOME, DOSE, FASCIA_ORARIA)
VALUES ('FUR01', 'Furosemide', 25, 'MATTUTINA');
INSERT INTO FARMACO (CODICE_FARMACO, NOME, DOSE, FASCIA_ORARIA)
VALUES ('LDO01', 'Levodopa', 100, 'MATTUTINA');
INSERT INTO FARMACO (CODICE_FARMACO, NOME, DOSE, FASCIA_ORARIA)
VALUES ('LDO02', 'Levodopa', 100, 'POMERIDIANA');
INSERT INTO FARMACO (CODICE_FARMACO, NOME, DOSE, FASCIA_ORARIA)
VALUES ('LDO03', 'Levodopa', 100, 'SERALE');
INSERT INTO FARMACO (CODICE_FARMACO, NOME, DOSE, FASCIA_ORARIA)
VALUES ('WAR01', 'Warfarin', 5, 'SERALE');
INSERT INTO FARMACO (CODICE_FARMACO, NOME, DOSE, FASCIA_ORARIA)
VALUES ('LEV01', 'Levotiroxina', 50, 'MATTUTINA');

INSERT INTO TRATTAMENTO (CODICE_TRATTAMENTO, OBIETTIVI, ESITO, RAGGIUNTO)
VALUES ('TCC01', 'Controllo glicemico con target HbA1c < 7%', 'HbA1c stabilizzata al 6.8%', 'S');
INSERT INTO TRATTAMENTO (CODICE_TRATTAMENTO, OBIETTIVI, ESITO, RAGGIUNTO)
VALUES ('TCC02', 'Riabilitazione cardiaca post-ischemia, miglioramento capacita respiratoria', 'Test da sforzo migliorato del 20%', 'S');
INSERT INTO TRATTAMENTO (CODICE_TRATTAMENTO, OBIETTIVI, ESITO, RAGGIUNTO)
VALUES ('TMO01', 'Mobilizzazione articolare e riduzione dolore da artrite', 'Dolore ridotto da 8/10 a 4/10', 'N');
INSERT INTO TRATTAMENTO (CODICE_TRATTAMENTO, OBIETTIVI, ESITO, RAGGIUNTO)
VALUES ('TCO01', 'Stimolazione cognitiva per rallentare declino Alzheimer', 'Mantenute funzioni cognitive di base', 'S');
INSERT INTO TRATTAMENTO (CODICE_TRATTAMENTO, OBIETTIVI, ESITO, RAGGIUNTO)
VALUES ('TFR01', 'Recupero funzionale post-frattura femore, ripresa deambulazione', 'Deambulazione con deambulatore a 30 metri', 'N');
INSERT INTO TRATTAMENTO (CODICE_TRATTAMENTO, OBIETTIVI, ESITO, RAGGIUNTO)
VALUES ('TPA01', 'Terapia farmacologica Parkinson con ottimizzazione Levodopa', 'Riduzione delle fluttuazioni motorie del 30%', 'S');

INSERT INTO SOFFRE (CODICE, CODICE_FISCALE_RESIDENTE)
VALUES ('DIA01', 'PLRGNN60A01H501Q');
INSERT INTO SOFFRE (CODICE, CODICE_FISCALE_RESIDENTE)
VALUES ('IPR01', 'PLRGNN60A01H501Q');
INSERT INTO SOFFRE (CODICE, CODICE_FISCALE_RESIDENTE)
VALUES ('CAR01', 'RSSMRA55M15H501B');
INSERT INTO SOFFRE (CODICE, CODICE_FISCALE_RESIDENTE)
VALUES ('ALZ01', 'SRSLRA65E15F205T');
INSERT INTO SOFFRE (CODICE, CODICE_FISCALE_RESIDENTE)
VALUES ('ART01', 'MNNPLC50A01G888N');
INSERT INTO SOFFRE (CODICE, CODICE_FISCALE_RESIDENTE)
VALUES ('IPR01', 'MNNPLC50A01G888N');
INSERT INTO SOFFRE (CODICE, CODICE_FISCALE_RESIDENTE)
VALUES ('FRA01', 'VTLCRL70A01H501B');
INSERT INTO SOFFRE (CODICE, CODICE_FISCALE_RESIDENTE)
VALUES ('PAR01', 'VTLCRL70A01H501B');

INSERT INTO ASSUME (DATA_ASSUNZIONE, CODICE_FARMACO, CODICE_FISCALE)
VALUES (DATE '2026-01-10', 'MET01', 'PLRGNN60A01H501Q');
INSERT INTO ASSUME (DATA_ASSUNZIONE, CODICE_FARMACO, CODICE_FISCALE)
VALUES (DATE '2026-01-10', 'RAA01', 'PLRGNN60A01H501Q');
INSERT INTO ASSUME (DATA_ASSUNZIONE, CODICE_FARMACO, CODICE_FISCALE)
VALUES (DATE '2026-02-01', 'ATA01', 'PLRGNN60A01H501Q');
INSERT INTO ASSUME (DATA_ASSUNZIONE, CODICE_FARMACO, CODICE_FISCALE)
VALUES (DATE '2026-01-15', 'WAR01', 'RSSMRA55M15H501B');
INSERT INTO ASSUME (DATA_ASSUNZIONE, CODICE_FARMACO, CODICE_FISCALE)
VALUES (DATE '2026-01-15', 'RAA01', 'RSSMRA55M15H501B');
INSERT INTO ASSUME (DATA_ASSUNZIONE, CODICE_FARMACO, CODICE_FISCALE)
VALUES (DATE '2026-03-01', 'LDO01', 'VTLCRL70A01H501B');
INSERT INTO ASSUME (DATA_ASSUNZIONE, CODICE_FARMACO, CODICE_FISCALE)
VALUES (DATE '2026-03-01', 'LDO02', 'VTLCRL70A01H501B');
INSERT INTO ASSUME (DATA_ASSUNZIONE, CODICE_FARMACO, CODICE_FISCALE)
VALUES (DATE '2026-03-01', 'LDO03', 'VTLCRL70A01H501B');
INSERT INTO ASSUME (DATA_ASSUNZIONE, CODICE_FARMACO, CODICE_FISCALE)
VALUES (DATE '2026-04-10', 'OME01', 'VTLCRL70A01H501B');

INSERT INTO PAI (CODICE_PAI, CODICE_FISCALE_RESIDENTE, DATA_REDAZIONE, DATA_REVISIONE, DIAGNOSI, DATA_DIMISSIONE)
VALUES ('PAI001', 'PLRGNN60A01H501Q', DATE '2026-01-10', DATE '2026-04-10', 'Diabete tipo 2 con ipertensione arteriosa. Paziente in buone condizioni generali, necessita di monitoraggio glicemico e terapia farmacologica.', NULL);
INSERT INTO PAI (CODICE_PAI, CODICE_FISCALE_RESIDENTE, DATA_REDAZIONE, DATA_REVISIONE, DIAGNOSI, DATA_DIMISSIONE)
VALUES ('PAI002', 'RSSMRA55M15H501B', DATE '2026-01-15', NULL, 'Cardiopatia ischemica cronica. Paziente con pregresso infarto miocardico, in terapia anticoagulante. Necessita di riabilitazione cardiovascolare.', NULL);
INSERT INTO PAI (CODICE_PAI, CODICE_FISCALE_RESIDENTE, DATA_REDAZIONE, DATA_REVISIONE, DIAGNOSI, DATA_DIMISSIONE)
VALUES ('PAI003', 'SRSLRA65E15F205T', DATE '2026-02-01', NULL, 'Malattia di Alzheimer in fase iniziale. Paziente con deficit di memoria a breve termine. Necessita di stimolazione cognitiva e monitoraggio comportamentale.', NULL);
INSERT INTO PAI (CODICE_PAI, CODICE_FISCALE_RESIDENTE, DATA_REDAZIONE, DATA_REVISIONE, DIAGNOSI, DATA_DIMISSIONE)
VALUES ('PAI004', 'MNNPLC50A01G888N', DATE '2026-03-01', DATE '2026-05-01', 'Artrite reumatoide con ipertensione. Paziente con dolore cronico alle articolazioni. Necessita di terapia antinfiammatoria e mobilizzazione.', NULL);
INSERT INTO PAI (CODICE_PAI, CODICE_FISCALE_RESIDENTE, DATA_REDAZIONE, DATA_REVISIONE, DIAGNOSI, DATA_DIMISSIONE)
VALUES ('PAI005', 'VTLCRL70A01H501B', DATE '2026-03-15', NULL, 'Morbo di Parkinson con frattura composta del femore destro. Paziente con limitazione motoria severa. Necessita di riabilitazione intensiva e terapia farmacologica.', NULL);

INSERT INTO NECESSITA (CODICE_TRATTAMENTO, CODICE_PAI)
VALUES ('TCC01', 'PAI001');
INSERT INTO NECESSITA (CODICE_TRATTAMENTO, CODICE_PAI)
VALUES ('TCC02', 'PAI002');
INSERT INTO NECESSITA (CODICE_TRATTAMENTO, CODICE_PAI)
VALUES ('TCO01', 'PAI003');
INSERT INTO NECESSITA (CODICE_TRATTAMENTO, CODICE_PAI)
VALUES ('TMO01', 'PAI004');
INSERT INTO NECESSITA (CODICE_TRATTAMENTO, CODICE_PAI)
VALUES ('TFR01', 'PAI005');
INSERT INTO NECESSITA (CODICE_TRATTAMENTO, CODICE_PAI)
VALUES ('TPA01', 'PAI005');

INSERT INTO CONSULENZA (CODICE_CONSULENZA, DATA_CONSULENZA, NOTE_CONSULENZA)
VALUES (2001, DATE '2026-01-20', 'Valutazione cardiologica di controllo per paziente con cardiopatia ischemica. ECG nella norma.');
INSERT INTO CONSULENZA (CODICE_CONSULENZA, DATA_CONSULENZA, NOTE_CONSULENZA)
VALUES (2002, DATE '2026-02-10', 'Consulenza neurologica per paziente Alzheimer. Mini-Mental Test: 22/30. Confermata progressione lenta.');
INSERT INTO CONSULENZA (CODICE_CONSULENZA, DATA_CONSULENZA, NOTE_CONSULENZA)
VALUES (2003, DATE '2026-02-15', 'Valutazione ortopedica per paziente con artrite reumatoide. RX mani mostra erosioni articolari.');
INSERT INTO CONSULENZA (CODICE_CONSULENZA, DATA_CONSULENZA, NOTE_CONSULENZA)
VALUES (2004, DATE '2026-03-20', 'Consulenza diabetologica. Controllo emocromo e HbA1c. Terapia metformina confermata.');
INSERT INTO CONSULENZA (CODICE_CONSULENZA, DATA_CONSULENZA, NOTE_CONSULENZA)
VALUES (2005, DATE '2026-03-25', 'Valutazione neurologica per Parkinson. UPDRS: 28. Ottimizzazione terapia Levodopa.');
INSERT INTO CONSULENZA (CODICE_CONSULENZA, DATA_CONSULENZA, NOTE_CONSULENZA)
VALUES (2006, DATE '2026-04-05', 'Consulenza fisiatrica per recupero funzionale post-frattura femore. Programmata sedute di fisioterapia.');

INSERT INTO EFFETTUA (CODICE_CONSULENZA, CODICE_FISCALE_MEDICO)
VALUES (2001, 'RSSMRA85M01H501U');
INSERT INTO EFFETTUA (CODICE_CONSULENZA, CODICE_FISCALE_MEDICO)
VALUES (2002, 'BNCLRA92D45F205V');
INSERT INTO EFFETTUA (CODICE_CONSULENZA, CODICE_FISCALE_MEDICO)
VALUES (2003, 'VRDGPP80T12G888Y');
INSERT INTO EFFETTUA (CODICE_CONSULENZA, CODICE_FISCALE_MEDICO)
VALUES (2004, 'RSSMRA85M01H501U');
INSERT INTO EFFETTUA (CODICE_CONSULENZA, CODICE_FISCALE_MEDICO)
VALUES (2005, 'BNCLRA92D45F205V');
INSERT INTO EFFETTUA (CODICE_CONSULENZA, CODICE_FISCALE_MEDICO)
VALUES (2006, 'NGRFNC75L14L736X');

INSERT INTO RICEVE (CODICE_FISCALE_RESIDENTE, CODICE_CONSULENZA)
VALUES ('RSSMRA55M15H501B', 2001);
INSERT INTO RICEVE (CODICE_FISCALE_RESIDENTE, CODICE_CONSULENZA)
VALUES ('SRSLRA65E15F205T', 2002);
INSERT INTO RICEVE (CODICE_FISCALE_RESIDENTE, CODICE_CONSULENZA)
VALUES ('MNNPLC50A01G888N', 2003);
INSERT INTO RICEVE (CODICE_FISCALE_RESIDENTE, CODICE_CONSULENZA)
VALUES ('PLRGNN60A01H501Q', 2004);
INSERT INTO RICEVE (CODICE_FISCALE_RESIDENTE, CODICE_CONSULENZA)
VALUES ('VTLCRL70A01H501B', 2005);
INSERT INTO RICEVE (CODICE_FISCALE_RESIDENTE, CODICE_CONSULENZA)
VALUES ('VTLCRL70A01H501B', 2006);

INSERT INTO AZIENDA_ESTERNA (PARTITA_IVA, NOME_AZIENDA, EMAIL, NUMERO_DI_TELEFONO, PEC, CODICE_FISCALE_OPERATORE)
VALUES ('01234567890', 'Pulizie Igiene s.r.l.', 'info@pulizieigiene.it', '+39 02 12345678', 'pulizieigiene@pec.it', 'BNCVRD78E22F205C');
INSERT INTO AZIENDA_ESTERNA (PARTITA_IVA, NOME_AZIENDA, EMAIL, NUMERO_DI_TELEFONO, PEC, CODICE_FISCALE_OPERATORE)
VALUES ('09876543211', 'Ristorazione Salute s.p.a.', 'contatti@ristorazionesalute.it', '+39 06 87654321', 'ristorazionesalute@pec.it', 'VRDLSN90P10L736P');
INSERT INTO AZIENDA_ESTERNA (PARTITA_IVA, NOME_AZIENDA, EMAIL, NUMERO_DI_TELEFONO, PEC, CODICE_FISCALE_OPERATORE)
VALUES ('04567891234', 'Sanifood Catering s.r.l.', 'ordini@sanifood.it', '+39 011 9876543', 'sanifood@pec.it', 'VRDLSN90P10L736P');

INSERT INTO DITTA_PULIZIE (PARTITA_IVA)
VALUES ('01234567890');

INSERT INTO DITTA_RISTORANTE (PARTITA_IVA)
VALUES ('09876543211');
INSERT INTO DITTA_RISTORANTE (PARTITA_IVA)
VALUES ('04567891234');

INSERT INTO DIETA (NOME, TIPOLOGIA, NOTA)
VALUES ('Standard', 'Normale', 'Dieta bilanciata standard per pazienti senza restrizioni');
INSERT INTO DIETA (NOME, TIPOLOGIA, NOTA)
VALUES ('Diabetica', 'Ipoglicidica', 'Dieta a basso contenuto di zuccheri per pazienti diabetici');
INSERT INTO DIETA (NOME, TIPOLOGIA, NOTA)
VALUES ('Iposodica', 'Iposodica', 'Dieta a basso contenuto di sale per pazienti ipertesi');
INSERT INTO DIETA (NOME, TIPOLOGIA, NOTA)
VALUES ('Morbida', 'Morbida', 'Dieta semisolida per pazienti con difficolta di masticazione/deglutizione');
INSERT INTO DIETA (NOME, TIPOLOGIA, NOTA)
VALUES ('Proteica', 'Iperproteica', 'Dieta ad alto contenuto proteico per pazienti in recupero post-operatorio');

INSERT INTO FORNISCE (PARTITA_IVA, NOME)
VALUES ('09876543211', 'Standard');
INSERT INTO FORNISCE (PARTITA_IVA, NOME)
VALUES ('09876543211', 'Diabetica');
INSERT INTO FORNISCE (PARTITA_IVA, NOME)
VALUES ('09876543211', 'Iposodica');
INSERT INTO FORNISCE (PARTITA_IVA, NOME)
VALUES ('04567891234', 'Morbida');
INSERT INTO FORNISCE (PARTITA_IVA, NOME)
VALUES ('04567891234', 'Proteica');

INSERT INTO PULISCE (NUMERO_CAMERA, PARTITA_IVA)
VALUES (101, '01234567890');
INSERT INTO PULISCE (NUMERO_CAMERA, PARTITA_IVA)
VALUES (102, '01234567890');
INSERT INTO PULISCE (NUMERO_CAMERA, PARTITA_IVA)
VALUES (103, '01234567890');
INSERT INTO PULISCE (NUMERO_CAMERA, PARTITA_IVA)
VALUES (104, '01234567890');
INSERT INTO PULISCE (NUMERO_CAMERA, PARTITA_IVA)
VALUES (201, '01234567890');
INSERT INTO PULISCE (NUMERO_CAMERA, PARTITA_IVA)
VALUES (202, '01234567890');

INSERT INTO ENTE (PARTITA_IVA_ENTE, ENTE_EROGAZIONE)
VALUES ('11223344556', 'Comune di Milano');
INSERT INTO ENTE (PARTITA_IVA_ENTE, ENTE_EROGAZIONE)
VALUES ('22334455667', 'ASL Roma 1');
INSERT INTO ENTE (PARTITA_IVA_ENTE, ENTE_EROGAZIONE)
VALUES ('33445566778', 'INPS');

INSERT INTO DOCUMENTO (CF_PERSONA, SCADENZA, PARTITA_IVA_ENTE)
VALUES ('PLRGNN60A01H501Q', DATE '2028-06-15', '11223344556');
INSERT INTO DOCUMENTO (CF_PERSONA, SCADENZA, PARTITA_IVA_ENTE)
VALUES ('RSSMRA55M15H501B', DATE '2027-03-20', '11223344556');
INSERT INTO DOCUMENTO (CF_PERSONA, SCADENZA, PARTITA_IVA_ENTE)
VALUES ('SRSLRA65E15F205T', DATE '2027-11-30', '22334455667');
INSERT INTO DOCUMENTO (CF_PERSONA, SCADENZA, PARTITA_IVA_ENTE)
VALUES ('MNNPLC50A01G888N', DATE '2028-01-10', '22334455667');
INSERT INTO DOCUMENTO (CF_PERSONA, SCADENZA, PARTITA_IVA_ENTE)
VALUES ('VTLCRL70A01H501B', DATE '2026-09-05', '33445566778');

INSERT INTO PRENOTAZIONE (CODICE_PRENOTAZIONE, DESCRIZIONE, DATA_PRENOTAZIONE, DATA_DIMISSIONE, NUMERO_CAMERA, CODICE_FISCALE_TUTORE)
VALUES (3001, 'Ricovero per riabilitazione cardiaca post-infarto', DATE '2026-01-10', NULL, 101, 'LLIMNL82P30H501K');
INSERT INTO PRENOTAZIONE (CODICE_PRENOTAZIONE, DESCRIZIONE, DATA_PRENOTAZIONE, DATA_DIMISSIONE, NUMERO_CAMERA, CODICE_FISCALE_TUTORE)
VALUES (3002, 'Ricovero per Alzheimer con bisogno di assistenza continua', DATE '2026-01-30', NULL, 102, NULL);
INSERT INTO PRENOTAZIONE (CODICE_PRENOTAZIONE, DESCRIZIONE, DATA_PRENOTAZIONE, DATA_DIMISSIONE, NUMERO_CAMERA, CODICE_FISCALE_TUTORE)
VALUES (3003, 'Ricovero per artrite reumatoide e mobilizzazione', DATE '2026-02-20', NULL, 103, 'FBRMRC88D23H501Y');
INSERT INTO PRENOTAZIONE (CODICE_PRENOTAZIONE, DESCRIZIONE, DATA_PRENOTAZIONE, DATA_DIMISSIONE, NUMERO_CAMERA, CODICE_FISCALE_TUTORE)
VALUES (3004, 'Ricovero per frattura femore e Parkinson', DATE '2026-03-10', NULL, 104, 'FBRMRC88D23H501Y');

INSERT INTO TURNO_PROGRAMMATO (CODICE_FISCALE_MEDICO, ORA_INIZIO, ORA_FINE, GIORNO, FASCIA_ORARIA)
VALUES ('RSSMRA85M01H501U', '08:00', '14:00', DATE '2026-04-01', 'MATTUTINA');
INSERT INTO TURNO_PROGRAMMATO (CODICE_FISCALE_MEDICO, ORA_INIZIO, ORA_FINE, GIORNO, FASCIA_ORARIA)
VALUES ('BNCLRA92D45F205V', '08:00', '14:00', DATE '2026-04-01', 'MATTUTINA');
INSERT INTO TURNO_PROGRAMMATO (CODICE_FISCALE_MEDICO, ORA_INIZIO, ORA_FINE, GIORNO, FASCIA_ORARIA)
VALUES ('VRDGPP80T12G888Y', '14:00', '20:00', DATE '2026-04-01', 'POMERIDIANA');
INSERT INTO TURNO_PROGRAMMATO (CODICE_FISCALE_MEDICO, ORA_INIZIO, ORA_FINE, GIORNO, FASCIA_ORARIA)
VALUES ('NGRFNC75L14L736X', '14:00', '20:00', DATE '2026-04-01', 'POMERIDIANA');
INSERT INTO TURNO_PROGRAMMATO (CODICE_FISCALE_MEDICO, ORA_INIZIO, ORA_FINE, GIORNO, FASCIA_ORARIA)
VALUES ('RSSMRA85M01H501U', '08:00', '14:00', DATE '2026-04-02', 'MATTUTINA');
INSERT INTO TURNO_PROGRAMMATO (CODICE_FISCALE_MEDICO, ORA_INIZIO, ORA_FINE, GIORNO, FASCIA_ORARIA)
VALUES ('BNCLRA92D45F205V', '20:00', '08:00', DATE '2026-04-02', 'NOTTURNA');
INSERT INTO TURNO_PROGRAMMATO (CODICE_FISCALE_MEDICO, ORA_INIZIO, ORA_FINE, GIORNO, FASCIA_ORARIA)
VALUES ('RSSMRA85M01H501U', '08:00', '14:00', DATE '2026-04-03', 'MATTUTINA');
INSERT INTO TURNO_PROGRAMMATO (CODICE_FISCALE_MEDICO, ORA_INIZIO, ORA_FINE, GIORNO, FASCIA_ORARIA)
VALUES ('VRDGPP80T12G888Y', '08:00', '14:00', DATE '2026-04-03', 'MATTUTINA');

INSERT INTO TURNO_EFFETTUATO (CODICE_FISCALE_MEDICO, GIORNO, FASCIA_ORARIA, ORA_INIZIO, ORA_FINE)
VALUES ('RSSMRA85M01H501U', DATE '2026-04-01', 'MATTUTINA', '08:00', '14:15');
INSERT INTO TURNO_EFFETTUATO (CODICE_FISCALE_MEDICO, GIORNO, FASCIA_ORARIA, ORA_INIZIO, ORA_FINE)
VALUES ('BNCLRA92D45F205V', DATE '2026-04-01', 'MATTUTINA', '08:00', '14:00');
INSERT INTO TURNO_EFFETTUATO (CODICE_FISCALE_MEDICO, GIORNO, FASCIA_ORARIA, ORA_INIZIO, ORA_FINE)
VALUES ('VRDGPP80T12G888Y', DATE '2026-04-01', 'POMERIDIANA', '14:00', '20:30');
INSERT INTO TURNO_EFFETTUATO (CODICE_FISCALE_MEDICO, GIORNO, FASCIA_ORARIA, ORA_INIZIO, ORA_FINE)
VALUES ('NGRFNC75L14L736X', DATE '2026-04-01', 'POMERIDIANA', '14:15', '20:00');
INSERT INTO TURNO_EFFETTUATO (CODICE_FISCALE_MEDICO, GIORNO, FASCIA_ORARIA, ORA_INIZIO, ORA_FINE)
VALUES ('RSSMRA85M01H501U', DATE '2026-04-02', 'MATTUTINA', '08:00', '14:00');
INSERT INTO TURNO_EFFETTUATO (CODICE_FISCALE_MEDICO, GIORNO, FASCIA_ORARIA, ORA_INIZIO, ORA_FINE)
VALUES ('BNCLRA92D45F205V', DATE '2026-04-02', 'NOTTURNA', '20:00', '08:10');
INSERT INTO TURNO_EFFETTUATO (CODICE_FISCALE_MEDICO, GIORNO, FASCIA_ORARIA, ORA_INIZIO, ORA_FINE)
VALUES ('RSSMRA85M01H501U', DATE '2026-04-03', 'MATTUTINA', '08:00', '14:05');
INSERT INTO TURNO_EFFETTUATO (CODICE_FISCALE_MEDICO, GIORNO, FASCIA_ORARIA, ORA_INIZIO, ORA_FINE)
VALUES ('VRDGPP80T12G888Y', DATE '2026-04-03', 'MATTUTINA', '08:00', '14:00');

INSERT INTO VISITA (CODICE_FISCALE_PARENTE, GIORNO_VISITA, ORA_INGRESSO, ORA_USCITA, CODICE_FISCALE_RESIDENTE)
VALUES ('FBRMRC88D23H501Y', DATE '2026-04-02', '10:30', '11:45', 'PLRGNN60A01H501Q');
INSERT INTO VISITA (CODICE_FISCALE_PARENTE, GIORNO_VISITA, ORA_INGRESSO, ORA_USCITA, CODICE_FISCALE_RESIDENTE)
VALUES ('GLLLSN95S17L736P', DATE '2026-04-02', '15:00', '16:30', 'RSSMRA55M15H501B');
INSERT INTO VISITA (CODICE_FISCALE_PARENTE, GIORNO_VISITA, ORA_INGRESSO, ORA_USCITA, CODICE_FISCALE_RESIDENTE)
VALUES ('PLLMRC81T12F205J', DATE '2026-04-03', '09:00', '10:15', 'MNNPLC50A01G888N');
INSERT INTO VISITA (CODICE_FISCALE_PARENTE, GIORNO_VISITA, ORA_INGRESSO, ORA_USCITA, CODICE_FISCALE_RESIDENTE)
VALUES ('CTNTNZ90E22G888Z', DATE '2026-04-03', '11:00', '12:00', 'VTLCRL70A01H501B');
INSERT INTO VISITA (CODICE_FISCALE_PARENTE, GIORNO_VISITA, ORA_INGRESSO, ORA_USCITA, CODICE_FISCALE_RESIDENTE)
VALUES ('LLIMNL82P30H501K', DATE '2026-04-03', '14:00', '15:30', 'PLRGNN60A01H501Q');
