INSERT INTO PERSONA (CODICE_FISCALE, NOME, COGNOME, DATA_NASCITA)
VALUES ('RSSMRA85M15H501Z', 'Marco', 'Rossi', TO_DATE('1985-08-15', 'YYYY-MM-DD'));

INSERT INTO PERSONA (CODICE_FISCALE, NOME, COGNOME, DATA_NASCITA)
VALUES ('BNCLRA90T42F205K', 'Laura', 'Bianchi', TO_DATE('1990-12-02', 'YYYY-MM-DD'));

INSERT INTO PERSONA (CODICE_FISCALE, NOME, COGNOME, DATA_NASCITA)
VALUES ('VRDGNN40A01A182S', 'Giovanni', 'Verdi', TO_DATE('1940-01-01', 'YYYY-MM-DD'));

INSERT INTO PERSONA (CODICE_FISCALE, NOME, COGNOME, DATA_NASCITA)
VALUES ('PLLMRC35E20L781N', 'Mario', 'Pellegrini', TO_DATE('1935-05-20', 'YYYY-MM-DD'));

INSERT INTO PERSONA (CODICE_FISCALE, NOME, COGNOME, DATA_NASCITA)
VALUES ('FRRNNA42C65H702W', 'Anna', 'Ferrari', TO_DATE('1942-03-15', 'YYYY-MM-DD'));

INSERT INTO PERSONA (CODICE_FISCALE, NOME, COGNOME, DATA_NASCITA)
VALUES ('NTNLGI50M10B413T', 'Luigi', 'Natalini', TO_DATE('1950-10-10', 'YYYY-MM-DD'));

INSERT INTO PERSONA (CODICE_FISCALE, NOME, COGNOME, DATA_NASCITA)
VALUES ('CLRGPP75P08F839R', 'Giuseppe', 'Colombo', TO_DATE('1975-09-08', 'YYYY-MM-DD'));

INSERT INTO PERSONA (CODICE_FISCALE, NOME, COGNOME, DATA_NASCITA)
VALUES ('MNTNGL88A55C351Q', 'Angela', 'Montanari', TO_DATE('1988-01-15', 'YYYY-MM-DD'));

INSERT INTO PERSONA (CODICE_FISCALE, NOME, COGNOME, DATA_NASCITA)
VALUES ('RSSLSE38D70H702P', 'Luisa', 'Rossi', TO_DATE('1938-04-10', 'YYYY-MM-DD'));

INSERT INTO PERSONA (CODICE_FISCALE, NOME, COGNOME, DATA_NASCITA)
VALUES ('BRTNTN45H20M219O', 'Antonio', 'Bertini', TO_DATE('1945-07-20', 'YYYY-MM-DD'));

INSERT INTO PERSONA (CODICE_FISCALE, NOME, COGNOME, DATA_NASCITA)
VALUES ('DVLMRC80L15R781U', 'Marco', 'Davoli', TO_DATE('1980-11-15', 'YYYY-MM-DD'));

INSERT INTO PERSONA (CODICE_FISCALE, NOME, COGNOME, DATA_NASCITA)
VALUES ('GRSSRN92F25H501V', 'Serena', 'Greco', TO_DATE('1992-06-25', 'YYYY-MM-DD'));

INSERT INTO PERSONALE (CODICE_FISCALE) VALUES ('RSSMRA85M15H501Z');
INSERT INTO PERSONALE (CODICE_FISCALE) VALUES ('BNCLRA90T42F205K');
INSERT INTO PERSONALE (CODICE_FISCALE) VALUES ('CLRGPP75P08F839R');
INSERT INTO PERSONALE (CODICE_FISCALE) VALUES ('MNTNGL88A55C351Q');
INSERT INTO PERSONALE (CODICE_FISCALE) VALUES ('DVLMRC80L15R781U');
INSERT INTO PERSONALE (CODICE_FISCALE) VALUES ('GRSSRN92F25H501V');

INSERT INTO PARENTE (CODICE_FISCALE) VALUES ('NTNLGI50M10B413T');
INSERT INTO PARENTE (CODICE_FISCALE) VALUES ('RSSLSE38D70H702P');
INSERT INTO PARENTE (CODICE_FISCALE) VALUES ('BRTNTN45H20M219O');

INSERT INTO TUTORE (CODICE_FISCALE) VALUES ('NTNLGI50M10B413T');
INSERT INTO TUTORE (CODICE_FISCALE) VALUES ('BRTNTN45H20M219O');

INSERT INTO CONTRATTO (CODICE_CONTRATTO, PAGA_ORARIA, TIPO_CONTRATTO, TASSA_DETRATTA, CODICE_FISCALE_PERSONALE)
VALUES (1, 25.50, 'Tempo Indeterminato', 12.00, 'RSSMRA85M15H501Z');

INSERT INTO CONTRATTO (CODICE_CONTRATTO, PAGA_ORARIA, TIPO_CONTRATTO, TASSA_DETRATTA, CODICE_FISCALE_PERSONALE)
VALUES (2, 22.00, 'Tempo Determinato', 10.50, 'BNCLRA90T42F205K');

INSERT INTO CONTRATTO (CODICE_CONTRATTO, PAGA_ORARIA, TIPO_CONTRATTO, TASSA_DETRATTA, CODICE_FISCALE_PERSONALE)
VALUES (3, 28.75, 'Tempo Indeterminato', 13.00, 'CLRGPP75P08F839R');

INSERT INTO CONTRATTO (CODICE_CONTRATTO, PAGA_ORARIA, TIPO_CONTRATTO, TASSA_DETRATTA, CODICE_FISCALE_PERSONALE)
VALUES (4, 20.00, 'Part Time', 9.00, 'MNTNGL88A55C351Q');

INSERT INTO OPERATORE (CODICE_FISCALE) VALUES ('DVLMRC80L15R781U');
INSERT INTO OPERATORE (CODICE_FISCALE) VALUES ('GRSSRN92F25H501V');

INSERT INTO MEDICO (CODICE_FISCALE, CODICE_CONTRATTO) VALUES ('RSSMRA85M15H501Z', 1);
INSERT INTO MEDICO (CODICE_FISCALE, CODICE_CONTRATTO) VALUES ('BNCLRA90T42F205K', 2);
INSERT INTO MEDICO (CODICE_FISCALE, CODICE_CONTRATTO) VALUES ('CLRGPP75P08F839R', 3);

INSERT INTO REPARTO (CODICE_REPARTO, NOME_REPARTO, CODICE_RESPONSABILE)
VALUES ('REP01', 'Geriatria', 'RSSMRA85M15H501Z');

INSERT INTO REPARTO (CODICE_REPARTO, NOME_REPARTO, CODICE_RESPONSABILE)
VALUES ('REP02', 'Cardiologia', 'BNCLRA90T42F205K');

INSERT INTO REPARTO (CODICE_REPARTO, NOME_REPARTO, CODICE_RESPONSABILE)
VALUES ('REP03', 'Neurologia', 'CLRGPP75P08F839R');

INSERT INTO CAMERA (NUMERO_CAMERA, PIANO, LETTI_TOTALI, CODICE_REPARTO)
VALUES (101, 1, 2, 'REP01');

INSERT INTO CAMERA (NUMERO_CAMERA, PIANO, LETTI_TOTALI, CODICE_REPARTO)
VALUES (102, 1, 2, 'REP01');

INSERT INTO CAMERA (NUMERO_CAMERA, PIANO, LETTI_TOTALI, CODICE_REPARTO)
VALUES (201, 2, 1, 'REP02');

INSERT INTO CAMERA (NUMERO_CAMERA, PIANO, LETTI_TOTALI, CODICE_REPARTO)
VALUES (202, 2, 3, 'REP02');

INSERT INTO CAMERA (NUMERO_CAMERA, PIANO, LETTI_TOTALI, CODICE_REPARTO)
VALUES (301, 3, 2, 'REP03');

INSERT INTO RESIDENTE (CODICE_FISCALE, NUMERO_CAMERA) VALUES ('VRDGNN40A01A182S', 101);
INSERT INTO RESIDENTE (CODICE_FISCALE, NUMERO_CAMERA) VALUES ('PLLMRC35E20L781N', 102);
INSERT INTO RESIDENTE (CODICE_FISCALE, NUMERO_CAMERA) VALUES ('FRRNNA42C65H702W', 201);
INSERT INTO RESIDENTE (CODICE_FISCALE, NUMERO_CAMERA) VALUES ('NTNLGI50M10B413T', 202);
INSERT INTO RESIDENTE (CODICE_FISCALE, NUMERO_CAMERA) VALUES ('RSSLSE38D70H702P', 301);

INSERT INTO MALATTIA (CODICE, DESCRIZIONE, NOME, LIVELLO)
VALUES ('MAL01', 'Patologia cronica degenerativa del sistema nervoso', 'Alzheimer', 'Grave');

INSERT INTO MALATTIA (CODICE, DESCRIZIONE, NOME, LIVELLO)
VALUES ('MAL02', 'Patologia cardiovascolare cronica', 'Insufficienza Cardiaca', 'Moderata');

INSERT INTO MALATTIA (CODICE, DESCRIZIONE, NOME, LIVELLO)
VALUES ('MAL03', 'Patologia metabolica', 'Diabete Tipo 2', 'Lieve');

INSERT INTO MALATTIA (CODICE, DESCRIZIONE, NOME, LIVELLO)
VALUES ('MAL04', 'Patologia neurologica cronica', 'Parkinson', 'Moderata');

INSERT INTO FARMACO (CODICE_FARMACO, DOSE, NOME, FASCIA_ORARIA)
VALUES ('FAR01', 10, 'Donepezilo', 'Mattina');

INSERT INTO FARMACO (CODICE_FARMACO, DOSE, NOME, FASCIA_ORARIA)
VALUES ('FAR02', 5, 'Ramipril', 'Mattina');

INSERT INTO FARMACO (CODICE_FARMACO, DOSE, NOME, FASCIA_ORARIA)
VALUES ('FAR03', 500, 'Metformina', 'Pranzo');

INSERT INTO FARMACO (CODICE_FARMACO, DOSE, NOME, FASCIA_ORARIA)
VALUES ('FAR04', 25, 'Levodopa', 'Sera');

INSERT INTO FARMACO (CODICE_FARMACO, DOSE, NOME, FASCIA_ORARIA)
VALUES ('FAR05', 100, 'Aspirina', 'Mattina');

INSERT INTO TRATTAMENTO (CODICE_TRATTAMENTO, RAGGIUNTO, ESITO, OBIETTIVO)
VALUES ('TRA01', 'S', 'Miglioramento cognitivo documentato', 'Stabilizzare le funzioni cognitive');

INSERT INTO TRATTAMENTO (CODICE_TRATTAMENTO, RAGGIUNTO, ESITO, OBIETTIVO)
VALUES ('TRA02', 'N', NULL, 'Ridurre la pressione arteriosa');

INSERT INTO TRATTAMENTO (CODICE_TRATTAMENTO, RAGGIUNTO, ESITO, OBIETTIVO)
VALUES ('TRA03', 'S', 'Glicemia stabilizzata', 'Mantenere glicemia sotto 180');

INSERT INTO TRATTAMENTO (CODICE_TRATTAMENTO, RAGGIUNTO, ESITO, OBIETTIVO)
VALUES ('TRA04', 'N', NULL, 'Ridurre i tremori parkinsoniani');

INSERT INTO SOFFRE (CODICE, CODICE_FISCALE) VALUES ('MAL01', 'VRDGNN40A01A182S');
INSERT INTO SOFFRE (CODICE, CODICE_FISCALE) VALUES ('MAL02', 'PLLMRC35E20L781N');
INSERT INTO SOFFRE (CODICE, CODICE_FISCALE) VALUES ('MAL03', 'FRRNNA42C65H702W');
INSERT INTO SOFFRE (CODICE, CODICE_FISCALE) VALUES ('MAL04', 'RSSLSE38D70H702P');
INSERT INTO SOFFRE (CODICE, CODICE_FISCALE) VALUES ('MAL02', 'NTNLGI50M10B413T');

INSERT INTO ASSUME (CODICE_FARMACO, CODICE_FISCALE) VALUES ('FAR01', 'VRDGNN40A01A182S');
INSERT INTO ASSUME (CODICE_FARMACO, CODICE_FISCALE) VALUES ('FAR02', 'PLLMRC35E20L781N');
INSERT INTO ASSUME (CODICE_FARMACO, CODICE_FISCALE) VALUES ('FAR03', 'FRRNNA42C65H702W');
INSERT INTO ASSUME (CODICE_FARMACO, CODICE_FISCALE) VALUES ('FAR04', 'RSSLSE38D70H702P');
INSERT INTO ASSUME (CODICE_FARMACO, CODICE_FISCALE) VALUES ('FAR05', 'NTNLGI50M10B413T');

INSERT INTO PAI (CODICE_PAI, CODICE_FISCALE_RESIDENTE, DATA_REDAZIONE, DATA_REVISIONE, DIAGNOSI, DATA_DIMISSIONE)
VALUES ('PAI01', 'VRDGNN40A01A182S', TO_DATE('2025-01-15', 'YYYY-MM-DD'), TO_DATE('2025-06-15', 'YYYY-MM-DD'),
        'Alzheimer in fase media. Necessita assistenza continua per attivita quotidiane.', NULL);

INSERT INTO PAI (CODICE_PAI, CODICE_FISCALE_RESIDENTE, DATA_REDAZIONE, DATA_REVISIONE, DIAGNOSI, DATA_DIMISSIONE)
VALUES ('PAI02', 'PLLMRC35E20L781N', TO_DATE('2025-02-20', 'YYYY-MM-DD'), TO_DATE('2025-08-20', 'YYYY-MM-DD'),
        'Insufficienza cardiaca compensata. Monitoraggio costante parametri vitali.', NULL);

INSERT INTO PAI (CODICE_PAI, CODICE_FISCALE_RESIDENTE, DATA_REDAZIONE, DATA_REVISIONE, DIAGNOSI, DATA_DIMISSIONE)
VALUES ('PAI03', 'FRRNNA42C65H702W', TO_DATE('2025-03-10', 'YYYY-MM-DD'), NULL,
        'Diabete tipo 2 con terapia insulinica. Controllo glicemico regolare.', NULL);

INSERT INTO PAI (CODICE_PAI, CODICE_FISCALE_RESIDENTE, DATA_REDAZIONE, DATA_REVISIONE, DIAGNOSI, DATA_DIMISSIONE)
VALUES ('PAI04', 'RSSLSE38D70H702P', TO_DATE('2025-04-05', 'YYYY-MM-DD'), NULL,
        'Parkinson precoce. Fisioterapia e riabilitazione motoria.', NULL);

INSERT INTO NECESSITA (CODICE_TRATTAMENTO, CODICE_PAI) VALUES ('TRA01', 'PAI01');
INSERT INTO NECESSITA (CODICE_TRATTAMENTO, CODICE_PAI) VALUES ('TRA02', 'PAI02');
INSERT INTO NECESSITA (CODICE_TRATTAMENTO, CODICE_PAI) VALUES ('TRA03', 'PAI03');
INSERT INTO NECESSITA (CODICE_TRATTAMENTO, CODICE_PAI) VALUES ('TRA04', 'PAI04');

INSERT INTO AZIENDA_ESTERNA (PARTITA_IVA, EMAIL, NUMERO_DI_TELEFONO, PEC, NOME_AZIENDA, CODICE_FISCALE_OPERATORE)
VALUES ('12345678901', 'info@alphaclean.it', '0212345678', 'alphaclean@pec.it', 'AlphaClean Srl', 'DVLMRC80L15R781U');

INSERT INTO AZIENDA_ESTERNA (PARTITA_IVA, EMAIL, NUMERO_DI_TELEFONO, PEC, NOME_AZIENDA, CODICE_FISCALE_OPERATORE)
VALUES ('98765432109', 'info@medsupply.it', '0687654321', 'medsupply@pec.it', 'MedSupply SpA', 'GRSSRN92F25H501V');

INSERT INTO AZIENDA_ESTERNA (PARTITA_IVA, EMAIL, NUMERO_DI_TELEFONO, PEC, NOME_AZIENDA, CODICE_FISCALE_OPERATORE)
VALUES ('56789012345', 'info@nutrirest.it', '0554321098', 'nutrirest@pec.it', 'NutriRest Srl', 'DVLMRC80L15R781U');

INSERT INTO DITTA_PULIZIE (PARTITA_IVA) VALUES ('12345678901');

INSERT INTO DITTA_RISTORANTE (PARTITA_IVA) VALUES ('56789012345');

INSERT INTO DIETA (NOME, TIPOLOGIA, NOTE)
VALUES ('Mense Geriatria', 'Standard', 'Dieta bilanciata per pazienti geriatrici');

INSERT INTO DIETA (NOME, TIPOLOGIA, NOTE)
VALUES ('Mense Cardiologia', 'Iposodica', 'Dieta a basso contenuto di sodio');

INSERT INTO FORNISCE (PARTITA_IVA, NOME) VALUES ('56789012345', 'Mense Geriatria');
INSERT INTO FORNISCE (PARTITA_IVA, NOME) VALUES ('56789012345', 'Mense Geriatria');
INSERT INTO FORNISCE (PARTITA_IVA, NOME) VALUES ('56789012345', 'Mense Cardiologia');

INSERT INTO PULISCE (NUMERO_CAMERA, PARTITA_IVA) VALUES (101, '12345678901');
INSERT INTO PULISCE (NUMERO_CAMERA, PARTITA_IVA) VALUES (102, '12345678901');
INSERT INTO PULISCE (NUMERO_CAMERA, PARTITA_IVA) VALUES (201, '12345678901');
INSERT INTO PULISCE (NUMERO_CAMERA, PARTITA_IVA) VALUES (301, '12345678901');

INSERT INTO DOCUMENTO (CODICE_FISCALE, SCADENZA, PARTITA_IVA)
VALUES ('VRDGNN40A01A182S', TO_DATE('2025-12-31', 'YYYY-MM-DD'), '56789012345');

INSERT INTO DOCUMENTO (CODICE_FISCALE, SCADENZA, PARTITA_IVA)
VALUES ('PLLMRC35E20L781N', TO_DATE('2025-11-30', 'YYYY-MM-DD'), '56789012345');

INSERT INTO DOCUMENTO (CODICE_FISCALE, SCADENZA, PARTITA_IVA)
VALUES ('FRRNNA42C65H702W', TO_DATE('2025-10-31', 'YYYY-MM-DD'), '56789012345');

INSERT INTO ENTE (PARTITA_IVA, NOME_ISTITUZIONE) VALUES ('99999999999', 'ASL 1');

INSERT INTO ENTE (PARTITA_IVA, NOME_ISTITUZIONE) VALUES ('88888888888', 'AUSL 2');

INSERT INTO ENTE (PARTITA_IVA, NOME_ISTITUZIONE) VALUES ('77777777777', 'ATS 3');

INSERT INTO PRENOTAZIONE (CODICE_PRENOTAZIONE, DESCRIZIONE, DATA_PRENOTAZIONE, CODICE_FISCALE_TUTORE, DATA_DIMISSIONE, NUMERO_CAMERA)
VALUES (1, 'Dieta ipocalorica, senza glutine, 1800 kcal/giorno', TO_DATE('2025-06-01', 'YYYY-MM-DD'),
        'NTNLGI50M10B413T', NULL, 202);

INSERT INTO PRENOTAZIONE (CODICE_PRENOTAZIONE, DESCRIZIONE, DATA_PRENOTAZIONE, CODICE_FISCALE_TUTORE, DATA_DIMISSIONE, NUMERO_CAMERA)
VALUES (2, 'Dieta cardiologica, basso contenuto di sodio', TO_DATE('2025-06-05', 'YYYY-MM-DD'),
        'BRTNTN45H20M219O', NULL, 201);

INSERT INTO PRENOTAZIONE (CODICE_PRENOTAZIONE, DESCRIZIONE, DATA_PRENOTAZIONE, CODICE_FISCALE_TUTORE, DATA_DIMISSIONE, NUMERO_CAMERA)
VALUES (3, 'Dieta diabetica, indice glicemico controllato', TO_DATE('2025-06-10', 'YYYY-MM-DD'),
        'NTNLGI50M10B413T', NULL, 101);

INSERT INTO TURNO_PROGRAMMATO (CODICE_FISCALE_MEDICO, DATA_INIZIO, DATA_FINE, GIORNO, FASCIA_ORARIA)
VALUES ('RSSMRA85M15H501Z', TO_DATE('2025-06-25 06:00', 'YYYY-MM-DD HH24:MI'), TO_DATE('2025-06-25 14:00', 'YYYY-MM-DD HH24:MI'), 'Mercoledì', 'Mattina');

INSERT INTO TURNO_PROGRAMMATO (CODICE_FISCALE_MEDICO, DATA_INIZIO, DATA_FINE, GIORNO, FASCIA_ORARIA)
VALUES ('BNCLRA90T42F205K', TO_DATE('2025-06-25 14:00', 'YYYY-MM-DD HH24:MI'), TO_DATE('2025-06-25 22:00', 'YYYY-MM-DD HH24:MI'), 'Mercoledì', 'Pomeriggio');

INSERT INTO TURNO_PROGRAMMATO (CODICE_FISCALE_MEDICO, DATA_INIZIO, DATA_FINE, GIORNO, FASCIA_ORARIA)
VALUES ('CLRGPP75P08F839R', TO_DATE('2025-06-25 22:00', 'YYYY-MM-DD HH24:MI'), TO_DATE('2025-06-26 06:00', 'YYYY-MM-DD HH24:MI'), 'Mercoledì', 'Notte');

INSERT INTO TURNO_PROGRAMMATO (CODICE_FISCALE_MEDICO, DATA_INIZIO, DATA_FINE, GIORNO, FASCIA_ORARIA)
VALUES ('RSSMRA85M15H501Z', TO_DATE('2025-06-26 06:00', 'YYYY-MM-DD HH24:MI'), TO_DATE('2025-06-26 14:00', 'YYYY-MM-DD HH24:MI'), 'Giovedì', 'Mattina');

INSERT INTO TURNO_EFFETTUATO (FASCIA_ORARIA, ORA_INIZIO, ORA_FINE, GIORNO, CODICE_FISCALE_MEDICO)
VALUES ('Mattina', '06:00', '14:00', TO_DATE('2025-06-25', 'YYYY-MM-DD'), 'RSSMRA85M15H501Z');

INSERT INTO TURNO_EFFETTUATO (FASCIA_ORARIA, ORA_INIZIO, ORA_FINE, GIORNO, CODICE_FISCALE_MEDICO)
VALUES ('Pomeriggio', '14:00', '22:00', TO_DATE('2025-06-25', 'YYYY-MM-DD'), 'BNCLRA90T42F205K');

INSERT INTO TURNO_EFFETTUATO (FASCIA_ORARIA, ORA_INIZIO, ORA_FINE, GIORNO, CODICE_FISCALE_MEDICO)
VALUES ('Notte', '22:00', '06:00', TO_DATE('2025-06-25', 'YYYY-MM-DD'), 'CLRGPP75P08F839R');

INSERT INTO VISITA (CODICE_FISCALE_PARENTE, GIORNO_VISITA, ORA_INGRESSO, ORA_USCITA, CODICE_FISCALE_RESIDENTE)
VALUES ('NTNLGI50M10B413T', TO_DATE('2025-06-25', 'YYYY-MM-DD'), '10:00', '12:00', 'FRRNNA42C65H702W');

INSERT INTO VISITA (CODICE_FISCALE_PARENTE, GIORNO_VISITA, ORA_INGRESSO, ORA_USCITA, CODICE_FISCALE_RESIDENTE)
VALUES ('RSSLSE38D70H702P', TO_DATE('2025-06-25', 'YYYY-MM-DD'), '14:00', '16:30', 'VRDGNN40A01A182S');

INSERT INTO VISITA (CODICE_FISCALE_PARENTE, GIORNO_VISITA, ORA_INGRESSO, ORA_USCITA, CODICE_FISCALE_RESIDENTE)
VALUES ('BRTNTN45H20M219O', TO_DATE('2025-06-26', 'YYYY-MM-DD'), '09:00', '11:00', 'PLLMRC35E20L781N');

INSERT INTO CONSULENZA (DATA_CONSULENZA, NOTE_CONSULENZA)
VALUES (TO_DATE('2025-06-10', 'YYYY-MM-DD'), 'Paziente stabile, proseguire terapia farmacologica');

INSERT INTO CONSULENZA (DATA_CONSULENZA, NOTE_CONSULENZA)
VALUES (TO_DATE('2025-06-15', 'YYYY-MM-DD'), 'Monitoraggio cardiologico: parametri nella norma');

INSERT INTO CONSULENZA (DATA_CONSULENZA, NOTE_CONSULENZA)
VALUES (TO_DATE('2025-06-20', 'YYYY-MM-DD'), 'Valutazione neurologica: lieve miglioramento della motricità');

INSERT INTO RICEVE (CODICE_PAI, DATA_CONSULENZA) VALUES ('PAI01', TO_DATE('2025-06-10', 'YYYY-MM-DD'));
INSERT INTO RICEVE (CODICE_PAI, DATA_CONSULENZA) VALUES ('PAI02', TO_DATE('2025-06-15', 'YYYY-MM-DD'));
INSERT INTO RICEVE (CODICE_PAI, DATA_CONSULENZA) VALUES ('PAI04', TO_DATE('2025-06-20', 'YYYY-MM-DD'));

INSERT INTO EFFETTUA (DATA_CONSULENZA, CODICE_FISCALE_MEDICO) VALUES (TO_DATE('2025-06-10', 'YYYY-MM-DD'), 'RSSMRA85M15H501Z');
INSERT INTO EFFETTUA (DATA_CONSULENZA, CODICE_FISCALE_MEDICO) VALUES (TO_DATE('2025-06-15', 'YYYY-MM-DD'), 'BNCLRA90T42F205K');
INSERT INTO EFFETTUA (DATA_CONSULENZA, CODICE_FISCALE_MEDICO) VALUES (TO_DATE('2025-06-20', 'YYYY-MM-DD'), 'CLRGPP75P08F839R');

COMMIT;
